,transaction_id,product_id,customer_id,transaction_date,online_order,order_status,brand,product_line,product_class,product_size,list_price,standard_cost,product_first_sold_date,date_product_first_sold,first_name,last_name,gender,past_3_years_bike_related_purchases,DOB,job_title,job_industry_category,wealth_segment,deceased_indicator,default,owns_car,tenure,address,postcode,state,country,property_valuation
20000,,,852,,,,,,,,,,,,Andie,Bonney,Female,37.0,2000-11-04,Compensation Analyst,Financial Services,Affluent Customer,N,!@#$%^&*(),Yes,2.0,641 Waywood Lane,2336.0,NSW,Australia,7.0
20001,,,869,,,,,,,,,,,,Addia,Abels,Female,7.0,1984-03-11,Account Representative I,Financial Services,High Net Worth,N,"__ï¾(,_,*)",Yes,10.0,6712 Nova Crossing,2065.0,NSW,Australia,10.0
20002,,,1373,,,,,,,,,,,,Shaylynn,Epsley,Female,3.0,1958-09-23,Director of Sales,Financial Services,Mass Customer,N,ËÉnbá´lÉ ÉuÆÉÉ¯ ÇÉ¹olop ÊÇ ÇÉ¹oqÉl Ên Êunpá´pá´Éuá´ É¹odÉ¯ÇÊ poÉ¯sná´Ç op pÇs 'Êá´lÇ Æuá´Ésá´dá´pÉ É¹nÊÇÊÉÇsuoÉ 'ÊÇÉ¯É Êá´s É¹olop É¯nsdá´ É¯ÇÉ¹oË¥,Yes,12.0,939 Hermina Drive,3198.0,VIC,Australia,8.0
20003,,,2074,,,,,,,,,,,,Roslyn,Rawdall,Female,90.0,1997-06-11,,Financial Services,Mass Customer,N,100,No,4.0,0442 Debra Point,2281.0,NSW,Australia,7.0
20004,,,2660,,,,,,,,,,,,Hunt,Scollard,Male,44.0,1963-11-15,,Retail,High Net Worth,N,,Yes,19.0,68128 Leroy Street,4213.0,QLD,Australia,8.0
20005,,,3229,,,,,,,,,,,,Carrol,Gheorghie,Male,69.0,1964-10-18,Sales Representative,Retail,High Net Worth,N,"__ï¾(,_,*)",Yes,6.0,2 Del Sol Circle,3012.0,VIC,Australia,1.0
20006,,,3236,,,,,,,,,,,,Edsel,Arguile,Male,37.0,1993-04-01,,Manufacturing,Mass Customer,N,Î©âÃ§ââ«ËÂµâ¤â¥Ã·,Yes,5.0,1 Roth Pass,3199.0,VIC,Australia,4.0
20007,,,3501,,,,,,,,,,,,Kayla,Alentyev,Female,63.0,1970-01-19,Operator,Telecommunications,Mass Customer,N,<img src=x onerror=alert('hi') />,Yes,18.0,16 Carberry Pass,2119.0,NSW,Australia,11.0
20008,,,3502,,,,,,,,,,,,Wilfrid,Cleaves,Male,5.0,1997-10-16,Senior Sales Associate,Retail,High Net Worth,N,0/0,Yes,3.0,12 Elgar Place,2155.0,NSW,Australia,10.0
20009,,,3503,,,,,,,,,,,,Tootsie,Rafter,Female,53.0,1979-03-12,Financial Advisor,Financial Services,Affluent Customer,N,,Yes,10.0,8749 Menomonie Point,2122.0,NSW,Australia,11.0
20010,,,3504,,,,,,,,,,,,Keriann,Perdue,Female,39.0,1963-07-06,Business Systems Development Analyst,Manufacturing,Mass Customer,N,`ââ¬â¹âºï¬ï¬â¡Â°Â·ââÂ±,Yes,6.0,18072 American Parkway,3195.0,VIC,Australia,10.0
20011,,,3505,,,,,,,,,,,,Dolly,Scallan,Female,41.0,1974-08-06,,Retail,Mass Customer,N,ð¾ ð ð ð ð ð ð ð§,No,14.0,5854 Weeping Birch Avenue,2022.0,NSW,Australia,10.0
20012,,,3506,,,,,,,,,,,,Mercy,Donisi,Female,19.0,1975-06-18,Web Designer I,Financial Services,Mass Customer,N,åè£½æ¼¢èª,No,15.0,2 Clarendon Point,2194.0,NSW,Australia,7.0
20013,,,3507,,,,,,,,,,,,Christoph,Greatreax,Male,70.0,1955-03-03,Physical Therapy Assistant,Financial Services,Mass Customer,N,Ì¦HÍÌ¬Ì¤ÌÌ¤eÍ ÍÌÌ¥ÌÌ»ÍÌwÌhÌÌ¯ÍoÌÍÌÍÌ±Ì® ÒÌºÌÌÌÍWÌ·Ì¼Ì­aÌºÌªÍiÌ¨ÍÍÌ­ÍÌ¯ÌtÌ¶Ì¼Ì®sÌÌÍÍ Ì Ì«Ì BÌ»ÍÍÍÍÌ³eÌµhÌµÌ¬ÍÌ«ÍiÌÌ¹ÍÌ³Ì³Ì®ÍÌ«nÍdÌ´ÌªÌÌ ÍÌ°ÍÌ©ÍÍÍÌ²TÍ¢ÍÌ¼ÍÌªhÍÍÌ®Ì»eÌ¬ÌÍÌ Ì¤Ì¹ÌWÍÍÍÌÌÍÍaÍÍÍÌ¹Ì¼,No,5.0,88979 Hazelcrest Way,3555.0,VIC,Australia,3.0
20014,,,3508,,,,,,,,,,,,Malvin,Marre,Male,89.0,1986-08-09,Pharmacist,Health,Mass Customer,N,ÅâÂ´Â®â Â¥Â¨ËÃ¸Ïââ,No,5.0,7555 Springview Crossing,3195.0,VIC,Australia,10.0
20015,,,3509,,,,,,,,,,,,Janine,Hesey,Female,85.0,1978-11-22,Pharmacist,Health,Mass Customer,N,0,Yes,15.0,04240 Prentice Plaza,3031.0,VIC,Australia,9.0
20016,,,3510,,,,,,,,,,,,Jemima,Izaac,U,48.0,,Safety Technician II,IT,Affluent Customer,N,,Yes,0.0,35280 Harper Junction,2700.0,NSW,Australia,2.0
20017,,,3511,,,,,,,,,,,,Willem,Spraging,Male,23.0,1966-12-31,Food Chemist,Health,Affluent Customer,N,1,No,10.0,08479 Hazelcrest Street,3340.0,VIC,Australia,4.0
20018,,,3512,,,,,,,,,,,,Vladimir,Abramowsky,Male,68.0,1994-03-24,VP Accounting,Financial Services,Mass Customer,N,/dev/null; touch /tmp/blns.fail ; echo,Yes,8.0,70 Oakridge Pass,2019.0,NSW,Australia,10.0
20019,,,3513,,,,,,,,,,,,Enriqueta,Waterhowse,U,80.0,,Internal Auditor,IT,Affluent Customer,N,,Yes,0.0,56873 Buena Vista Crossing,2035.0,NSW,Australia,9.0
20020,,,3514,,,,,,,,,,,,Darcy,Ilett,Male,25.0,1962-08-24,Environmental Specialist,,Mass Customer,N,100,No,8.0,7 Rieder Street,3155.0,VIC,Australia,7.0
20021,,,3515,,,,,,,,,,,,Leelah,Pynner,Female,11.0,1975-01-14,Staff Scientist,Telecommunications,High Net Worth,N,ï¾ï½¥â¿ã¾â²(ï½¡ââ¿âï½¡)â±â¿ï½¥ï¾,Yes,18.0,3528 Granby Circle,4825.0,QLD,Australia,5.0
20022,,,3516,,,,,,,,,,,,Diarmid,Vearnals,Male,93.0,1977-04-30,,Property,Mass Customer,N,testâ testâ«,Yes,15.0,16 Vahlen Trail,2152.0,NSW,Australia,10.0
20023,,,3517,,,,,,,,,,,,Domeniga,Terney,Female,47.0,1957-07-04,Accounting Assistant IV,,Mass Customer,N,-100,Yes,6.0,977 Arapahoe Trail,4121.0,QLD,Australia,8.0
20024,,,3518,,,,,,,,,,,,Magdaia,Beardwell,Female,45.0,1980-06-18,Biostatistician I,IT,Mass Customer,N,ï¾ï½¥â¿ã¾â²(ï½¡ââ¿âï½¡)â±â¿ï½¥ï¾,Yes,8.0,31331 Old Shore Crossing,2211.0,NSW,Australia,8.0
20025,,,3519,,,,,,,,,,,,Aldus,Kenningley,Male,16.0,1978-05-21,Software Consultant,Manufacturing,Mass Customer,N,â¦testâ§,Yes,11.0,51757 Weeping Birch Center,2470.0,NSW,Australia,5.0
20026,,,3520,,,,,,,,,,,,Travis,Kaszper,Male,41.0,1963-08-17,Research Nurse,Health,Mass Customer,N,-1,Yes,16.0,25 Schurz Avenue,2071.0,NSW,Australia,12.0
20027,,,3521,,,,,,,,,,,,Oneida,Olivia,Female,27.0,1980-03-10,Research Associate,,High Net Worth,N,ï¾ï½¥â¿ã¾â²(ï½¡ââ¿âï½¡)â±â¿ï½¥ï¾,Yes,16.0,92045 Magdeline Street,2101.0,NSW,Australia,11.0
20028,,,3522,,,,,,,,,,,,Lorri,Byrth,Female,73.0,1989-08-21,Cost Accountant,Financial Services,High Net Worth,N,ÃÃÃÃËÃÃï£¿ÃÃÃâ,Yes,11.0,0129 Hollow Ridge Crossing,2095.0,NSW,Australia,11.0
20029,,,3523,,,,,,,,,,,,Lin,Tarver,Male,33.0,1975-06-14,,,Affluent Customer,N,åè£½æ¼¢èª,No,19.0,56 Anderson Alley,2194.0,NSW,Australia,10.0
20030,,,3524,,,,,,,,,,,,Waiter,Piscopello,Male,38.0,1973-12-30,Design Engineer,Financial Services,Mass Customer,N,1,Yes,18.0,528 Golf View Plaza,2471.0,NSW,Australia,2.0
20031,,,3525,,,,,,,,,,,,Town,Yitzhakov,Male,55.0,1996-08-16,Editor,,Mass Customer,N,×Ö¸×Ö°×ªÖ¸×testØ§ÙØµÙØ­Ø§Øª Ø§ÙØªÙØ­ÙÙ,No,2.0,474 Farragut Way,4812.0,QLD,Australia,3.0
20032,,,3526,,,,,,,,,,,,Pail,Iacopini,Male,84.0,1978-09-19,General Manager,Telecommunications,High Net Worth,N,1000000000000000049861653971908893017010268485438462151574892930611988399099305815384459015356416,Yes,13.0,1 Schiller Place,2774.0,NSW,Australia,9.0
20033,,,3527,,,,,,,,,,,,Kiley,Scotson,Female,77.0,1978-12-02,Senior Cost Accountant,Financial Services,High Net Worth,N,ã»(ï¿£âï¿£)ã»:*:,No,18.0,55497 Warrior Alley,3123.0,VIC,Australia,9.0
20034,,,3528,,,,,,,,,,,,Eliot,Scammell,Male,69.0,1964-04-06,Internal Auditor,Manufacturing,Mass Customer,N,,Yes,7.0,6 Moulton Point,2145.0,NSW,Australia,10.0
20035,,,3529,,,,,,,,,,,,Austine,Kinny,Female,37.0,1960-11-23,Structural Analysis Engineer,IT,High Net Worth,N,(â¯Â°â¡Â°ï¼â¯ï¸µ â»ââ»),Yes,16.0,6 Rockefeller Lane,2294.0,NSW,Australia,7.0
20036,,,3530,,,,,,,,,,,,Erik,Kenneford,Male,19.0,1973-10-23,Staff Scientist,,High Net Worth,N,100,Yes,8.0,05759 Ridge Oak Trail,2007.0,NSW,Australia,8.0
20037,,,3531,,,,,,,,,,,,Shannah,Pountain,Female,4.0,1969-01-27,Marketing Manager,Retail,Affluent Customer,N,<img src=x onerror=alert('hi') />,Yes,11.0,75 Grim Circle,2147.0,NSW,Australia,10.0
20038,,,3532,,,,,,,,,,,,May,Birch,Female,27.0,1990-07-24,Media Manager I,Health,High Net Worth,N,1,Yes,7.0,88 Bunting Hill,3978.0,VIC,Australia,6.0
20039,,,3533,,,,,,,,,,,,Neale,Lowings,Male,62.0,1981-02-14,,Financial Services,Affluent Customer,N,-100,Yes,8.0,7547 Garrison Alley,2705.0,NSW,Australia,5.0
20040,,,3534,,,,,,,,,,,,Kacie,Stanbrooke,Female,92.0,1975-05-15,Associate Professor,Manufacturing,Affluent Customer,N,ï»¿,Yes,3.0,3605 Vidon Hill,3305.0,VIC,Australia,1.0
20041,,,3535,,,,,,,,,,,,Bren,Dabbes,Female,8.0,1994-09-15,Technical Writer,Manufacturing,High Net Worth,N,Ù¡Ù¢Ù£,No,6.0,0485 Petterle Terrace,2575.0,NSW,Australia,6.0
20042,,,3536,,,,,,,,,,,,Laurence,Aulsford,Male,46.0,1967-12-24,Professor,Retail,Affluent Customer,N,0/0,No,18.0,97461 Drewry Trail,3072.0,VIC,Australia,10.0
20043,,,3537,,,,,,,,,,,,Sholom,Pavlasek,Male,1.0,1997-01-15,Graphic Designer,Financial Services,Mass Customer,N,-100,No,4.0,6736 Anthes Junction,2250.0,NSW,Australia,7.0
20044,,,3538,,,,,,,,,,,,Kerby,Nassie,Male,19.0,1977-11-14,Marketing Manager,Health,Mass Customer,N,() { _; } >_[$($())] { touch /tmp/blns.shellshock2.fail; },No,8.0,9 Tennyson Center,2198.0,NSW,Australia,9.0
20045,,,3539,,,,,,,,,,,,Sheelah,Caine,Female,94.0,1985-03-21,,IT,Mass Customer,N,ÅâÂ´Â®â Â¥Â¨ËÃ¸Ïââ,Yes,16.0,9594 Brown Junction,4509.0,QLD,Australia,7.0
20046,,,3540,,,,,,,,,,,,Ali,Naris,Male,49.0,1954-08-27,,,Mass Customer,N,1,Yes,7.0,64 Macpherson Junction,4061.0,QLD,Australia,8.0
20047,,,3541,,,,,,,,,,,,Aloin,Harhoff,Male,72.0,1986-01-03,,Health,Mass Customer,N,"""'",No,11.0,0 Heath Point,2136.0,NSW,Australia,9.0
20048,,,3542,,,,,,,,,,,,Perl,Suddaby,Female,23.0,1975-03-11,Financial Analyst,Financial Services,Mass Customer,N,âð¿ ðªð¿ ðð¿ ðð¿ ðð¿ ðð¿,No,10.0,1 Chive Trail,4670.0,QLD,Australia,2.0
20049,,,3543,,,,,,,,,,,,Shanie,Zahor,Female,15.0,1986-12-25,Food Chemist,Health,High Net Worth,N,â£,Yes,21.0,34976 Lindbergh Hill,4304.0,QLD,Australia,4.0
20050,,,3544,,,,,,,,,,,,Benoite,Trahmel,Female,25.0,1998-08-13,Help Desk Technician,,Affluent Customer,N,â£,No,1.0,266 Little Fleur Street,4350.0,QLD,Australia,4.0
20051,,,3545,,,,,,,,,,,,Wenonah,Filgate,Female,66.0,1974-07-19,Developer II,,High Net Worth,N,á,No,4.0,005 Bunker Hill Lane,3046.0,VIC,Australia,9.0
20052,,,3546,,,,,,,,,,,,Hally,Pollie,Female,91.0,1983-09-29,GIS Technical Architect,Manufacturing,Affluent Customer,N,TÌÌ­ÌºÌºoÍ Ì·iÌ²Ì¬ÍÌªÍnÌÌÍvÍÌÌÌÌ¦oÌ¶ÌÌ°Ì keÍÍÌ®ÌºÌªÌ¹Ì±Ì¤ ÌtÍÌÍÌ³Ì£Ì»ÌªhÌ¼ÍÌ²Ì¦Ì³ÌÌ²eÍÌ£Ì°Ì¦Ì¬Í Ì¢Ì¼Ì»Ì±ÌhÍÍÍÍÌÌ£Ì²iÌ¦Ì²Ì£Ì°Ì¤vÌ»ÍeÌºÌ­Ì³ÌªÌ°-mÌ¢iÍnÌÌºÌÌ²Ì¯Ì°dÌµÌ¼ÌÍÌ©Ì¼ÌÌ³ ÌÌ¥Ì±Ì³Ì­rÌÌÌeÍpÍ rÌ¼ÌÌ»Ì­ÌeÍÌºÌ Ì£sÌ,Yes,9.0,792 Maple Trail,2097.0,NSW,Australia,12.0
20053,,,3547,,,,,,,,,,,,Ganny,Dwerryhouse,Male,19.0,1975-05-06,Senior Financial Analyst,Financial Services,Affluent Customer,N,2018-02-01 00:00:00,No,8.0,71 Moulton Drive,3065.0,VIC,Australia,10.0
20054,,,3548,,,,,,,,,,,,Dalli,Seden,Male,65.0,1958-08-02,,,Affluent Customer,N,ðµ ð ð ð,No,12.0,033 Maryland Plaza,3023.0,VIC,Australia,8.0
20055,,,3549,,,,,,,,,,,,Jodee,Macewan,Female,0.0,1966-02-24,Sales Representative,Retail,Mass Customer,N,â¦testâ§,No,7.0,360 Green Ridge Junction,2508.0,NSW,Australia,9.0
20056,,,3550,,,,,,,,,,,,Daisey,Britto,Female,50.0,1988-11-27,Environmental Tech,Retail,Mass Customer,N,ï¾ï½¥â¿ã¾â²(ï½¡ââ¿âï½¡)â±â¿ï½¥ï¾,Yes,16.0,870 Bluestem Hill,2745.0,NSW,Australia,8.0
20057,,,3551,,,,,,,,,,,,Zed,Douris,Male,37.0,1962-05-10,Pharmacist,Health,Mass Customer,N,ð©ð½,Yes,8.0,392 Grim Pass,4680.0,QLD,Australia,6.0
20058,,,3552,,,,,,,,,,,,Ebeneser,Lowde,Male,33.0,1992-09-07,Internal Auditor,Retail,Affluent Customer,N,á,Yes,9.0,38792 Calypso Crossing,2778.0,NSW,Australia,7.0
20059,,,3553,,,,,,,,,,,,Dietrich,Geggie,Male,97.0,1974-12-29,Graphic Designer,Health,Mass Customer,N,âªâªtestâª,No,10.0,92 Mallard Court,3125.0,VIC,Australia,10.0
20060,,,3554,,,,,,,,,,,,Briggs,Mower,Male,34.0,1978-04-06,GIS Technical Architect,IT,Mass Customer,N,ì¸ëë°í ë¥´,Yes,16.0,37 Summerview Park,2101.0,NSW,Australia,11.0
20061,,,3555,,,,,,,,,,,,Latashia,,Female,96.0,1976-02-26,Programmer Analyst II,Manufacturing,Mass Customer,N,â«testâ«,No,21.0,3 Shasta Way,2076.0,NSW,Australia,12.0
20062,,,3556,,,,,,,,,,,,Larina,Gheeorghie,Female,38.0,1997-07-05,Senior Developer,Manufacturing,High Net Worth,N,"<>?:""{}|_+",No,3.0,45 Redwing Road,3182.0,VIC,Australia,12.0
20063,,,3557,,,,,,,,,,,,Tisha,Gibbings,Female,79.0,1978-05-12,,Health,Affluent Customer,N,<img src=x onerror=alert('hi') />,No,18.0,41 Northridge Road,4730.0,QLD,Australia,4.0
20064,,,3558,,,,,,,,,,,,Torey,Sarney,Male,16.0,1954-09-05,,,High Net Worth,N,<img src=x onerror=alert('hi') />,Yes,7.0,459 Meadow Valley Junction,4155.0,QLD,Australia,10.0
20065,,,3559,,,,,,,,,,,,Farra,Bails,Female,80.0,1985-02-19,Assistant Media Planner,Entertainment,High Net Worth,N,0/0,Yes,17.0,276 Coolidge Plaza,4215.0,QLD,Australia,7.0
20066,,,3560,,,,,,,,,,,,Gav,Bonin,Male,98.0,1980-09-01,Structural Analysis Engineer,Retail,Mass Customer,N,testâ testâ«,Yes,7.0,4 Dexter Park,4505.0,QLD,Australia,2.0
20067,,,3561,,,,,,,,,,,,Emelda,Allbones,Female,15.0,1968-11-16,Help Desk Operator,Financial Services,Mass Customer,N,!@#$%^&*(),Yes,5.0,0800 Donald Hill,4000.0,QLD,Australia,7.0
20068,,,3562,,,,,,,,,,,,Martynne,Bullivant,Female,76.0,1973-01-02,Recruiting Manager,,Affluent Customer,N,,No,10.0,4301 Haas Junction,2204.0,NSW,Australia,9.0
20069,,,3563,,,,,,,,,,,,De,Leyband,Female,70.0,1990-03-12,,Financial Services,Affluent Customer,N,Â¡â¢Â£Â¢âÂ§Â¶â¢ÂªÂºââ ,No,10.0,0185 Fremont Alley,4074.0,QLD,Australia,7.0
20070,,,3564,,,,,,,,,,,,Sandy,Olford,Male,43.0,1972-05-15,Programmer Analyst IV,,High Net Worth,N,âªâªtestâª,Yes,18.0,85476 Shasta Park,2065.0,NSW,Australia,12.0
20071,,,3565,,,,,,,,,,,,Charyl,Pottiphar,U,14.0,,Structural Engineer,IT,High Net Worth,N,,Yes,0.0,4888 Hoepker Plaza,2072.0,NSW,Australia,12.0
20072,,,3566,,,,,,,,,,,,Bram,Pheasant,Male,96.0,1976-11-02,Social Worker,Health,Affluent Customer,N,../../../../../../../../../../../etc/passwd%00,Yes,10.0,77 Green Court,2570.0,NSW,Australia,9.0
20073,,,3567,,,,,,,,,,,,Eileen,Ilchenko,Female,17.0,1980-09-14,Nurse,Financial Services,Affluent Customer,N,ËÉnbá´lÉ ÉuÆÉÉ¯ ÇÉ¹olop ÊÇ ÇÉ¹oqÉl Ên Êunpá´pá´Éuá´ É¹odÉ¯ÇÊ poÉ¯sná´Ç op pÇs 'Êá´lÇ Æuá´Ésá´dá´pÉ É¹nÊÇÊÉÇsuoÉ 'ÊÇÉ¯É Êá´s É¹olop É¯nsdá´ É¯ÇÉ¹oË¥,Yes,14.0,22344 Reinke Pass,4225.0,QLD,Australia,5.0
20074,,,3568,,,,,,,,,,,,Berthe,Griniov,Female,13.0,1955-09-15,Nurse,Retail,Affluent Customer,N,1'; DROP TABLE users--,No,5.0,588 Menomonie Way,4179.0,QLD,Australia,9.0
20075,,,3569,,,,,,,,,,,,Janel,Daice,Female,24.0,1973-05-18,Senior Editor,,Affluent Customer,N,ì¬íê³¼íì ì´íì°êµ¬ì,No,12.0,3 Becker Drive,2566.0,NSW,Australia,8.0
20076,,,3570,,,,,,,,,,,,Mordy,Hedin,Male,13.0,1962-01-31,,Entertainment,Mass Customer,N,1/0,No,7.0,663 Sunfield Court,3564.0,VIC,Australia,2.0
20077,,,3571,,,,,,,,,,,,Othilia,Metcalf,Female,9.0,1976-06-09,Senior Sales Associate,Property,Mass Customer,N,Â¸ËÃâÄ±ËÃÂ¯ËÂ¿,Yes,3.0,010 Maryland Court,3556.0,VIC,Australia,2.0
20078,,,3572,,,,,,,,,,,,Willis,Tilston,Male,54.0,1986-03-21,Sales Representative,Retail,Affluent Customer,N,2018-02-01 00:00:00,Yes,2.0,53504 Dakota Terrace,2570.0,NSW,Australia,8.0
20079,,,3573,,,,,,,,,,,,Mab,Dwyer,Female,68.0,1996-10-16,Accounting Assistant I,Manufacturing,Mass Customer,N,-100,Yes,3.0,681 Ridgeway Junction,4208.0,QLD,Australia,7.0
20080,,,3574,,,,,,,,,,,,Eileen,Eland,Female,33.0,1991-02-05,Clinical Specialist,Health,Mass Customer,N,ì¬íê³¼íì ì´íì°êµ¬ì,No,6.0,225 American Point,4508.0,QLD,Australia,3.0
20081,,,3575,,,,,,,,,,,,Kandace,Desesquelle,Female,82.0,1973-11-06,Administrative Assistant I,IT,Affluent Customer,N,ðµ ð ð ð,Yes,13.0,79 Moland Junction,2795.0,NSW,Australia,4.0
20082,,,3576,,,,,,,,,,,,Rochette,Ebbens,Female,10.0,1969-09-19,Account Coordinator,,Mass Customer,N,ð ð ±ð ¹ð ±ð ±¸ð ²ð ³,No,11.0,9004 Wayridge Drive,2799.0,NSW,Australia,4.0
20083,,,3577,,,,,,,,,,,,Fowler,Scotsbrook,Male,29.0,1964-02-18,Staff Scientist,Retail,High Net Worth,N,-100,No,10.0,505 Village Pass,4007.0,QLD,Australia,4.0
20084,,,3578,,,,,,,,,,,,Dorella,Sineath,Female,57.0,1956-10-27,Staff Accountant IV,Property,Mass Customer,N,0ï¸â£ 1ï¸â£ 2ï¸â£ 3ï¸â£ 4ï¸â£ 5ï¸â£ 6ï¸â£ 7ï¸â£ 8ï¸â£ 9ï¸â£ ð,No,12.0,57 Thierer Parkway,2177.0,NSW,Australia,9.0
20085,,,3579,,,,,,,,,,,,Rachel,Somes,Female,32.0,1987-09-15,Software Test Engineer III,Health,High Net Worth,N,ì¸ëë°í ë¥´,No,20.0,91 Roth Pass,2565.0,NSW,Australia,6.0
20086,,,3580,,,,,,,,,,,,Roby,Samson,Female,61.0,1972-04-24,Occupational Therapist,Health,Mass Customer,N,,No,10.0,4605 Lakewood Gardens Terrace,3216.0,VIC,Australia,7.0
20087,,,3581,,,,,,,,,,,,Lindsy,Ygo,Female,38.0,1957-07-10,,,Mass Customer,N,"Ø«Ù ÙÙØ³ Ø³ÙØ·Øª ÙØ¨Ø§ÙØªØ­Ø¯ÙØ¯Ø, Ø¬Ø²ÙØ±ØªÙ Ø¨Ø§Ø³ØªØ®Ø¯Ø§Ù Ø£Ù Ø¯ÙÙ. Ø¥Ø° ÙÙØ§Ø Ø§ÙØ³ØªØ§Ø± ÙØªÙØµÙØ¨ ÙØ§Ù. Ø£ÙÙÙ Ø§ÙØ·Ø§ÙÙØ§Ø Ø¨Ø±ÙØ·Ø§ÙÙØ§-ÙØ±ÙØ³Ø§ ÙØ¯ Ø£Ø®Ø°. Ø³ÙÙÙØ§ÙØ Ø¥ØªÙØ§ÙÙØ© Ø¨ÙÙ ÙØ§, ÙØ°ÙØ± Ø",Yes,6.0,16334 Rutledge Trail,3805.0,VIC,Australia,9.0
20088,,,3582,,,,,,,,,,,,Beryle,Qusklay,Female,66.0,1961-12-11,Media Manager II,Property,Mass Customer,N,ð¾ ð ð ð ð ð ð ð,No,17.0,878 Cody Point,2155.0,NSW,Australia,10.0
20089,,,3583,,,,,,,,,,,,Josselyn,Mathey,Female,71.0,1965-05-27,Assistant Professor,Retail,Affluent Customer,N,â°â´âµâââ,No,5.0,66028 Randy Terrace,2155.0,NSW,Australia,10.0
20090,,,3584,,,,,,,,,,,,Adler,Teale,Male,95.0,1962-01-14,,Health,Mass Customer,N,"__ï¾(,_,*)",No,10.0,78478 Pond Road,4128.0,QLD,Australia,7.0
20091,,,3585,,,,,,,,,,,,Concordia,Lunbech,Female,41.0,1962-07-28,,Financial Services,High Net Worth,N,"""'",Yes,20.0,062 Dixon Parkway,3103.0,VIC,Australia,12.0
20092,,,3586,,,,,,,,,,,,Abby,Brownstein,Female,79.0,1979-02-05,Registered Nurse,Health,Affluent Customer,N,(â¯Â°â¡Â°ï¼â¯ï¸µ â»ââ»),No,10.0,344 Delladonna Place,2196.0,NSW,Australia,10.0
20093,,,3587,,,,,,,,,,,,Ines,Galfour,Female,85.0,1997-09-24,,,Affluent Customer,N,ð ð ±ð ¹ð ±ð ±¸ð ²ð ³,No,2.0,53 Union Terrace,2763.0,NSW,Australia,8.0
20094,,,3588,,,,,,,,,,,,Henrie,Beadman,Female,15.0,1961-06-04,Web Developer III,Health,Affluent Customer,N,,Yes,18.0,33221 Maple Wood Place,2260.0,NSW,Australia,10.0
20095,,,3589,,,,,,,,,,,,Nalani,Dummer,Female,73.0,1962-02-19,Computer Systems Analyst II,Health,High Net Worth,N,â¡,No,17.0,1 Esker Pass,4575.0,QLD,Australia,8.0
20096,,,3590,,,,,,,,,,,,Carolan,Velez,Female,32.0,1978-04-16,,Manufacturing,Mass Customer,N,0ï¸â£ 1ï¸â£ 2ï¸â£ 3ï¸â£ 4ï¸â£ 5ï¸â£ 6ï¸â£ 7ï¸â£ 8ï¸â£ 9ï¸â£ ð,Yes,19.0,9 Clyde Gallagher Junction,2065.0,NSW,Australia,11.0
20097,,,3591,,,,,,,,,,,,Dwight,Kinsey,Male,15.0,1978-10-28,Accountant III,Financial Services,Mass Customer,N,ãã¼ãã£ã¼ã¸è¡ããªãã,No,10.0,5699 Forster Street,2346.0,NSW,Australia,2.0
20098,,,3592,,,,,,,,,,,,Pall,MacCart,Male,72.0,1954-04-27,Junior Executive,,Mass Customer,N,á ,No,12.0,94543 Northwestern Court,4715.0,QLD,Australia,6.0
20099,,,3593,,,,,,,,,,,,Carry,Abercromby,Female,71.0,1996-04-10,Legal Assistant,Retail,Mass Customer,N,testâ testâ«,No,5.0,6 Continental Alley,3174.0,VIC,Australia,8.0
20100,,,3594,,,,,,,,,,,,Gustavo,Juschka,Male,45.0,1986-01-04,Marketing Assistant,Manufacturing,Mass Customer,N,nil,No,18.0,89 Dapin Terrace,3121.0,VIC,Australia,10.0
20101,,,3595,,,,,,,,,,,,Timi,Huson,Female,81.0,1975-12-06,Software Consultant,Retail,Mass Customer,N,,No,6.0,38834 Manufacturers Hill,2768.0,NSW,Australia,10.0
20102,,,3596,,,,,,,,,,,,Christi,Gilluley,Female,57.0,1977-12-25,Executive Secretary,Retail,Mass Customer,N,`ââ¬â¹âºï¬ï¬â¡Â°Â·ââÂ±,No,20.0,0186 Thackeray Center,3183.0,VIC,Australia,11.0
20103,,,3597,,,,,,,,,,,,Giorgi,,Male,71.0,1954-06-16,Analog Circuit Design manager,Property,Affluent Customer,N,',Yes,16.0,15980 Fairview Drive,2283.0,NSW,Australia,7.0
20104,,,3598,,,,,,,,,,,,Penny,McKirdy,Male,72.0,1994-12-17,Computer Systems Analyst III,Manufacturing,Affluent Customer,N,âð¿ ðªð¿ ðð¿ ðð¿ ðð¿ ðð¿,Yes,5.0,2 Waxwing Terrace,2429.0,NSW,Australia,2.0
20105,,,3599,,,,,,,,,,,,Lane,Maguire,Male,11.0,1956-02-27,Physical Therapy Assistant,,High Net Worth,N,100,Yes,6.0,358 Ronald Regan Point,2065.0,NSW,Australia,12.0
20106,,,3600,,,,,,,,,,,,Godart,Gooderick,Male,88.0,1962-05-17,Staff Accountant II,,Mass Customer,N,() { 0; }; touch /tmp/blns.shellshock1.fail;,No,16.0,4386 Spaight Court,3752.0,VIC,Australia,8.0
20107,,,3601,,,,,,,,,,,,Fanya,Gethyn,Female,85.0,1975-12-23,Junior Executive,IT,Mass Customer,N,nil,No,18.0,73 Hallows Circle,2558.0,NSW,Australia,7.0
20108,,,3602,,,,,,,,,,,,Alicea,Scamwell,Female,23.0,1988-11-27,Account Coordinator,Health,Mass Customer,N,ã»(ï¿£âï¿£)ã»:*:,No,12.0,1585 Summer Ridge Alley,2548.0,NSW,Australia,6.0
20109,,,3603,,,,,,,,,,,,Cale,Yaneev,Male,90.0,1954-09-27,Sales Representative,Retail,Mass Customer,N,2018-02-01 00:00:00,Yes,14.0,29585 Weeping Birch Avenue,2830.0,NSW,Australia,2.0
20110,,,3604,,,,,,,,,,,,Findlay,Lubman,Male,3.0,1971-04-09,VP Quality Control,Health,High Net Worth,N,â¤ï¸ ð ð ð ð ð ð ð ð ð ð ð ð ð ð,Yes,9.0,4 Macpherson Drive,2560.0,NSW,Australia,8.0
20111,,,3605,,,,,,,,,,,,Andy,Risely,Male,54.0,1994-01-28,Internal Auditor,,Mass Customer,N,TÌÌ­ÌºÌºoÍ Ì·iÌ²Ì¬ÍÌªÍnÌÌÍvÍÌÌÌÌ¦oÌ¶ÌÌ°Ì keÍÍÌ®ÌºÌªÌ¹Ì±Ì¤ ÌtÍÌÍÌ³Ì£Ì»ÌªhÌ¼ÍÌ²Ì¦Ì³ÌÌ²eÍÌ£Ì°Ì¦Ì¬Í Ì¢Ì¼Ì»Ì±ÌhÍÍÍÍÌÌ£Ì²iÌ¦Ì²Ì£Ì°Ì¤vÌ»ÍeÌºÌ­Ì³ÌªÌ°-mÌ¢iÍnÌÌºÌÌ²Ì¯Ì°dÌµÌ¼ÌÍÌ©Ì¼ÌÌ³ ÌÌ¥Ì±Ì³Ì­rÌÌÌeÍpÍ rÌ¼ÌÌ»Ì­ÌeÍÌºÌ Ì£sÌ,No,6.0,75132 Portage Point,4555.0,QLD,Australia,7.0
20112,,,3606,,,,,,,,,,,,Jamima,Wainscot,Female,52.0,1957-02-09,Graphic Designer,,High Net Worth,N,0ï¸â£ 1ï¸â£ 2ï¸â£ 3ï¸â£ 4ï¸â£ 5ï¸â£ 6ï¸â£ 7ï¸â£ 8ï¸â£ 9ï¸â£ ð,No,15.0,90969 Talmadge Place,3199.0,VIC,Australia,7.0
20113,,,3607,,,,,,,,,,,,Troy,Blaydes,Male,99.0,2001-05-22,Clinical Specialist,Health,Mass Customer,N,ì¬íê³¼íì ì´íì°êµ¬ì,No,1.0,88 Ilene Crossing,2049.0,NSW,Australia,11.0
20114,,,3608,,,,,,,,,,,,Conway,Surgen,Male,86.0,1973-05-17,Nurse Practicioner,Argiculture,High Net Worth,N,<script>alert('hi')</script>,No,8.0,154 Heffernan Trail,2038.0,NSW,Australia,10.0
20115,,,3609,,,,,,,,,,,,Chicky,Butterfield,Male,69.0,1997-09-02,Marketing Manager,Manufacturing,Mass Customer,N,0/0,No,4.0,4534 Stone Corner Terrace,2233.0,NSW,Australia,9.0
20116,,,3610,,,,,,,,,,,,Erl,Markel,Male,1.0,1987-03-29,Graphic Designer,Financial Services,High Net Worth,N,â,Yes,16.0,9 Declaration Crossing,3133.0,VIC,Australia,10.0
20117,,,3611,,,,,,,,,,,,Uriah,Chantree,Male,20.0,1970-04-10,Statistician II,,Affluent Customer,N,ËÉnbá´lÉ ÉuÆÉÉ¯ ÇÉ¹olop ÊÇ ÇÉ¹oqÉl Ên Êunpá´pá´Éuá´ É¹odÉ¯ÇÊ poÉ¯sná´Ç op pÇs 'Êá´lÇ Æuá´Ésá´dá´pÉ É¹nÊÇÊÉÇsuoÉ 'ÊÇÉ¯É Êá´s É¹olop É¯nsdá´ É¯ÇÉ¹oË¥,Yes,10.0,2 Homewood Pass,4211.0,QLD,Australia,8.0
20118,,,3612,,,,,,,,,,,,Normand,Matous,Male,27.0,1979-11-27,,IT,High Net Worth,N,ç°ä¸­ããã«ããã¦ä¸ãã,No,15.0,8279 Golf View Center,3127.0,VIC,Australia,12.0
20119,,,3613,,,,,,,,,,,,Fairfax,Pummery,Male,27.0,1972-04-21,Budget/Accounting Analyst II,Health,Mass Customer,N,ÌÌºÍÌ¹Ì¯ÍTÌ±Ì¤ÍÌ¥ÍÍhÍÌ²eÍÍÌ¼ÌÌÌ¼Ì£Í ÍÌÌ±Ì ÍÍÍNÍ ÍeÌÌ±zÌÌÌÌºÍpÌ¤ÌºÌ¹ÍÌ¯ÍeÍÌ Ì»Ì rÌ¨Ì¤ÍÌºÌÍÌÌdÍÌ ÌÌ­Ì¬ÌiÌ¦ÍÌ©ÍÍÌ¤aÌ ÌÌ¬ÍÌnÍÍ Ì»ÌÌ°ÍÍhÌµÍiÌ³ÌvÌ¢ÍeÍÌ­Í-ÒÌ­Ì©Ì¼ÍmÌ¤Ì­Ì«iÍÍÌÌ¦nÌÍdÌ£Ì ÍÌ¯Ì²ÍoÌ¨ÌÌ¯Ì°Ì²,Yes,9.0,65769 Hoard Plaza,3030.0,VIC,Australia,7.0
20120,,,3614,,,,,,,,,,,,Berkie,Gimber,Male,59.0,1961-06-23,Environmental Specialist,Retail,Affluent Customer,N,,Yes,18.0,2 Havey Point,2759.0,NSW,Australia,8.0
20121,,,3615,,,,,,,,,,,,Junia,Napton,Female,63.0,1978-07-09,Safety Technician II,IT,Mass Customer,N,0/0,Yes,8.0,8582 Morrow Pass,4165.0,QLD,Australia,7.0
20122,,,3616,,,,,,,,,,,,Vale,Dagnan,Male,42.0,2001-04-02,Product Engineer,Property,High Net Worth,N,á ,No,2.0,4643 Cambridge Circle,3064.0,VIC,Australia,6.0
20123,,,3617,,,,,,,,,,,,Jessa,Milnthorpe,Female,11.0,1990-05-06,Structural Analysis Engineer,Manufacturing,Mass Customer,N,ÃÃÃÃËÃÃï£¿ÃÃÃâ,Yes,3.0,2 Armistice Parkway,2193.0,NSW,Australia,10.0
20124,,,3618,,,,,,,,,,,,Evyn,Rouby,Male,2.0,1966-04-28,Statistician IV,Retail,Affluent Customer,N,âââ,Yes,19.0,23301 Bluestem Drive,3146.0,VIC,Australia,8.0
20125,,,3619,,,,,,,,,,,,Myranda,Cridland,Female,18.0,1996-02-17,Administrative Assistant IV,,Mass Customer,N,<svg><script>0<1>alert('XSS')</script>,Yes,1.0,6764 Commercial Avenue,2753.0,NSW,Australia,8.0
20126,,,3620,,,,,,,,,,,,Gerry,Ackhurst,Male,21.0,1991-07-30,Computer Systems Analyst II,Retail,Mass Customer,N,é¨è½æ ¼,No,5.0,56747 Monument Avenue,4306.0,QLD,Australia,8.0
20127,,,3621,,,,,,,,,,,,Umeko,Hearfield,Female,13.0,1975-01-16,Developer IV,Health,High Net Worth,N,Ã¥ÃâÆÂ©ËâËÂ¬â¦Ã¦,No,15.0,8 Harper Center,2650.0,NSW,Australia,3.0
20128,,,3622,,,,,,,,,,,,Anetta,Brosenius,Female,84.0,1983-09-02,Compensation Analyst,Financial Services,Mass Customer,N,1,No,2.0,422 Valley Edge Pass,2000.0,NSW,Australia,10.0
20129,,,3623,,,,,,,,,,,,Oren,Barwack,Male,56.0,1984-11-25,Senior Quality Engineer,Manufacturing,Affluent Customer,N,â«testâ«,Yes,15.0,8651 Graceland Way,2830.0,NSW,Australia,1.0
20130,,,3624,,,,,,,,,,,,Lenka,,Female,54.0,1984-10-16,Cost Accountant,Financial Services,Mass Customer,N,-1,Yes,7.0,6 Nobel Way,2322.0,NSW,Australia,4.0
20131,,,3625,,,,,,,,,,,,Cammie,Rubinfeld,Female,24.0,1953-11-30,VP Marketing,Manufacturing,High Net Worth,N,-1,Yes,18.0,3 Burning Wood Pass,2322.0,NSW,Australia,4.0
20132,,,3626,,,,,,,,,,,,Cora,Hince,Female,86.0,1978-09-02,Senior Cost Accountant,Financial Services,Mass Customer,N,testâ testâ«,Yes,12.0,4 Westridge Circle,2763.0,NSW,Australia,8.0
20133,,,3627,,,,,,,,,,,,Loren,Pischof,Male,92.0,1961-08-12,Teacher,Health,High Net Worth,N,,Yes,14.0,9284 Randy Alley,2217.0,NSW,Australia,9.0
20134,,,3628,,,,,,,,,,,,Sharron,Gaynes,Female,47.0,1974-10-17,Financial Advisor,Financial Services,Mass Customer,N,â©testâ©,Yes,14.0,56 Sullivan Crossing,2768.0,NSW,Australia,9.0
20135,,,3629,,,,,,,,,,,,Vale,Starcks,Female,17.0,1976-10-29,Editor,Health,High Net Worth,N,nil,No,22.0,3 Westridge Avenue,2810.0,NSW,Australia,5.0
20136,,,3630,,,,,,,,,,,,Jeni,Heymes,Female,16.0,1978-11-15,Tax Accountant,Property,Affluent Customer,N,",./;'[]\-=",Yes,8.0,3 Florence Drive,2151.0,NSW,Australia,10.0
20137,,,3631,,,,,,,,,,,,Mignonne,Barwood,Female,76.0,1962-07-01,Project Manager,IT,High Net Worth,N,ð¾ ð ð ð ð ð ð ð§,Yes,16.0,897 Forest Dale Terrace,4035.0,QLD,Australia,8.0
20138,,,3632,,,,,,,,,,,,Elena,Sandys,Female,82.0,1990-03-27,Teacher,,Mass Customer,N,Ù¡Ù¢Ù£,No,9.0,91215 Doe Crossing Avenue,3805.0,VIC,Australia,7.0
20139,,,3633,,,,,,,,,,,,Donavon,Ainsby,Male,32.0,1983-04-18,Biostatistician III,Health,Mass Customer,N,,No,5.0,38834 Green Center,2132.0,NSW,Australia,11.0
20140,,,3634,,,,,,,,,,,,Clemence,Kornas,Female,35.0,1963-06-01,Speech Pathologist,,High Net Worth,N,ËÉnbá´lÉ ÉuÆÉÉ¯ ÇÉ¹olop ÊÇ ÇÉ¹oqÉl Ên Êunpá´pá´Éuá´ É¹odÉ¯ÇÊ poÉ¯sná´Ç op pÇs 'Êá´lÇ Æuá´Ésá´dá´pÉ É¹nÊÇÊÉÇsuoÉ 'ÊÇÉ¯É Êá´s É¹olop É¯nsdá´ É¯ÇÉ¹oË¥,Yes,15.0,678 Monterey Center,2759.0,NSW,Australia,8.0
20141,,,3635,,,,,,,,,,,,Elset,,Female,51.0,1977-07-06,VP Marketing,Retail,High Net Worth,N,ï¾ï½¥â¿ã¾â²(ï½¡ââ¿âï½¡)â±â¿ï½¥ï¾,No,9.0,1 Park Meadow Drive,2145.0,NSW,Australia,9.0
20142,,,3636,,,,,,,,,,,,Trudi,Bickerstasse,Female,42.0,1970-06-24,Director of Sales,Financial Services,Mass Customer,N,Ì¦HÍÌ¬Ì¤ÌÌ¤eÍ ÍÌÌ¥ÌÌ»ÍÌwÌhÌÌ¯ÍoÌÍÌÍÌ±Ì® ÒÌºÌÌÌÍWÌ·Ì¼Ì­aÌºÌªÍiÌ¨ÍÍÌ­ÍÌ¯ÌtÌ¶Ì¼Ì®sÌÌÍÍ Ì Ì«Ì BÌ»ÍÍÍÍÌ³eÌµhÌµÌ¬ÍÌ«ÍiÌÌ¹ÍÌ³Ì³Ì®ÍÌ«nÍdÌ´ÌªÌÌ ÍÌ°ÍÌ©ÍÍÍÌ²TÍ¢ÍÌ¼ÍÌªhÍÍÌ®Ì»eÌ¬ÌÍÌ Ì¤Ì¹ÌWÍÍÍÌÌÍÍaÍÍÍÌ¹Ì¼,Yes,18.0,58 Hoepker Center,4343.0,QLD,Australia,2.0
20143,,,3637,,,,,,,,,,,,Luigi,Edgeworth,Male,84.0,1958-01-01,,Manufacturing,Affluent Customer,N,åè£½æ¼¢èª,Yes,11.0,6415 4th Alley,2766.0,NSW,Australia,8.0
20144,,,3638,,,,,,,,,,,,Fifi,Dorrins,Female,73.0,1996-05-04,Associate Professor,Manufacturing,Mass Customer,N,â¡,No,6.0,5558 Northport Point,2087.0,NSW,Australia,11.0
20145,,,3639,,,,,,,,,,,,Megan,Perrygo,Female,49.0,1974-01-11,Food Chemist,Health,High Net Worth,N,-0.5,No,15.0,71 Manley Way,2036.0,NSW,Australia,7.0
20146,,,3640,,,,,,,,,,,,Merralee,Forman,Female,64.0,1985-04-28,Staff Scientist,,Mass Customer,N,0ï¸â£ 1ï¸â£ 2ï¸â£ 3ï¸â£ 4ï¸â£ 5ï¸â£ 6ï¸â£ 7ï¸â£ 8ï¸â£ 9ï¸â£ ð,No,10.0,6201 Schiller Drive,2502.0,NSW,Australia,6.0
20147,,,3641,,,,,,,,,,,,Wolfie,Hoyes,Male,78.0,1975-10-02,Civil Engineer,Manufacturing,Affluent Customer,N,á,No,12.0,5339 Paget Plaza,2190.0,NSW,Australia,10.0
20148,,,3642,,,,,,,,,,,,Ardith,Portigall,Female,39.0,1962-05-21,,,Affluent Customer,N,Ì¦HÍÌ¬Ì¤ÌÌ¤eÍ ÍÌÌ¥ÌÌ»ÍÌwÌhÌÌ¯ÍoÌÍÌÍÌ±Ì® ÒÌºÌÌÌÍWÌ·Ì¼Ì­aÌºÌªÍiÌ¨ÍÍÌ­ÍÌ¯ÌtÌ¶Ì¼Ì®sÌÌÍÍ Ì Ì«Ì BÌ»ÍÍÍÍÌ³eÌµhÌµÌ¬ÍÌ«ÍiÌÌ¹ÍÌ³Ì³Ì®ÍÌ«nÍdÌ´ÌªÌÌ ÍÌ°ÍÌ©ÍÍÍÌ²TÍ¢ÍÌ¼ÍÌªhÍÍÌ®Ì»eÌ¬ÌÍÌ Ì¤Ì¹ÌWÍÍÍÌÌÍÍaÍÍÍÌ¹Ì¼,Yes,8.0,26138 Katie Point,2800.0,NSW,Australia,4.0
20149,,,3643,,,,,,,,,,,,Bettye,Dumberrill,Female,62.0,1971-02-08,Technical Writer,,Mass Customer,N,-0.5,No,15.0,686 Scoville Drive,3012.0,VIC,Australia,5.0
20150,,,3644,,,,,,,,,,,,Peder,Frotton,Male,13.0,1968-01-18,Physical Therapy Assistant,Financial Services,High Net Worth,N,-0.5,Yes,17.0,41 Bay Pass,2018.0,NSW,Australia,10.0
20151,,,3645,,,,,,,,,,,,Cozmo,Rylstone,Male,47.0,1961-07-04,Structural Analysis Engineer,Manufacturing,High Net Worth,N,/dev/null; touch /tmp/blns.fail ; echo,No,14.0,155 Sunfield Way,3212.0,VIC,Australia,2.0
20152,,,3646,,,,,,,,,,,,Allene,Pauly,Female,0.0,1981-10-22,Social Worker,Health,Mass Customer,N,"×Ö¼Ö°×¨Öµ××©×Ö´××ª, ×Ö¼Ö¸×¨Ö¸× ×Ö±×Ö¹×Ö´××, ×Öµ×ª ×Ö·×©Ö¼×Ö¸×Ö·×Ö´×, ×Ö°×Öµ×ª ×Ö¸×Ö¸×¨Ö¶×¥",No,4.0,2809 Anderson Lane,3350.0,VIC,Australia,3.0
20153,,,3647,,,,,,,,,,,,Carlyle,Frape,Male,62.0,1971-11-07,Marketing Manager,,Affluent Customer,N,../../../../../../../../../../../etc/passwd%00,No,4.0,4 Barby Point,4216.0,QLD,Australia,8.0
20154,,,3648,,,,,,,,,,,,Tracie,Bartolomeoni,Female,82.0,1954-02-21,Paralegal,Financial Services,Mass Customer,N,1,No,5.0,73 Eagan Hill,3040.0,VIC,Australia,10.0
20155,,,3649,,,,,,,,,,,,Jayne,Gawthrope,Female,66.0,1977-07-12,Office Assistant II,Property,Mass Customer,N,1000000000000000049861653971908893017010268485438462151574892930611988399099305815384459015356416,Yes,12.0,11 Ryan Hill,2229.0,NSW,Australia,9.0
20156,,,3650,,,,,,,,,,,,Darrelle,Rosas,Female,85.0,1999-10-21,Office Assistant I,IT,Mass Customer,N,../../../../../../../../../../../etc/hosts,Yes,2.0,6 Eliot Parkway,2045.0,NSW,Australia,12.0
20157,,,3651,,,,,,,,,,,,Baxie,,Male,91.0,1999-11-15,Human Resources Assistant I,Manufacturing,Mass Customer,N,nil,No,2.0,4962 Wayridge Road,2220.0,NSW,Australia,12.0
20158,,,3652,,,,,,,,,,,,Aldrich,Camble,Male,20.0,1955-02-06,Nurse,Health,High Net Worth,N,`ââ¬â¹âºï¬ï¬â¡Â°Â·ââÂ±,Yes,17.0,9 Jenifer Avenue,2480.0,NSW,Australia,4.0
20159,,,3653,,,,,,,,,,,,Devlen,Perrett,Male,7.0,1991-01-04,Environmental Specialist,,Mass Customer,N,!@#$%^&*(),Yes,8.0,7 Macpherson Way,4064.0,QLD,Australia,9.0
20160,,,3654,,,,,,,,,,,,Kenyon,Paddefield,U,78.0,,Electrical Engineer,Manufacturing,Mass Customer,N,,No,0.0,5437 Oak Alley,2024.0,NSW,Australia,10.0
20161,,,3655,,,,,,,,,,,,Waldemar,Mostin,Male,82.0,1974-06-01,,,Mass Customer,N,ZÌ®ÌÍÌ ÍÍAÌ¥ÌÌÍÌ»ÌLÌ£ÍÍÌ¯Ì¹ÌÍGÌ»OÌ­ÌÌ®,Yes,19.0,13854 Artisan Avenue,4508.0,QLD,Australia,3.0
20162,,,3656,,,,,,,,,,,,Talia,Sidnell,Female,14.0,1976-12-24,,Property,Mass Customer,N,!@#$%^&*(),Yes,3.0,7415 Schlimgen Drive,2064.0,NSW,Australia,9.0
20163,,,3657,,,,,,,,,,,,Wyatan,Rogeon,Male,95.0,1961-07-24,,,High Net Worth,N,ð¾ ð ð ð ð ð ð ð,No,8.0,249 Merchant Terrace,4211.0,QLD,Australia,7.0
20164,,,3658,,,,,,,,,,,,Bo,Vell,Male,15.0,1962-10-20,,Entertainment,Mass Customer,N,,Yes,9.0,379 Scofield Pass,3101.0,VIC,Australia,8.0
20165,,,3659,,,,,,,,,,,,Farra,Catto,Female,76.0,1976-12-23,VP Sales,Financial Services,High Net Worth,N,â°â´âµ,No,10.0,6 Michigan Lane,4076.0,QLD,Australia,3.0
20166,,,3660,,,,,,,,,,,,Gradeigh,Hothersall,Male,99.0,1981-03-14,Administrative Assistant IV,Financial Services,Mass Customer,N,ZÌ®ÌÍÌ ÍÍAÌ¥ÌÌÍÌ»ÌLÌ£ÍÍÌ¯Ì¹ÌÍGÌ»OÌ­ÌÌ®,No,7.0,31 Packers Pass,2205.0,NSW,Australia,10.0
20167,,,3661,,,,,,,,,,,,Tadeas,Shitliff,Male,34.0,1965-12-18,Research Associate,Manufacturing,Mass Customer,N,NIL,Yes,7.0,772 Superior Street,2759.0,NSW,Australia,8.0
20168,,,3662,,,,,,,,,,,,Pippo,Cator,Male,79.0,1977-12-30,Community Outreach Specialist,Retail,Mass Customer,N,â¢,No,15.0,15093 Hallows Pass,3930.0,VIC,Australia,9.0
20169,,,3663,,,,,,,,,,,,Hermy,Casement,Male,62.0,1998-02-10,Information Systems Manager,,Affluent Customer,N,1/0,No,1.0,954 Reinke Park,3101.0,VIC,Australia,12.0
20170,,,3664,,,,,,,,,,,,Faina,Czaja,Female,5.0,1990-02-23,Software Test Engineer I,Manufacturing,Mass Customer,N,Î©âÃ§ââ«ËÂµâ¤â¥Ã·,Yes,7.0,11879 Surrey Court,2768.0,NSW,Australia,9.0
20171,,,3665,,,,,,,,,,,,Toma,Klaaasen,Female,19.0,1989-03-23,Dental Hygienist,Health,Mass Customer,N,"'""''''""",No,6.0,7730 Oakridge Trail,3380.0,VIC,Australia,1.0
20172,,,3666,,,,,,,,,,,,Mathew,Marousek,Male,56.0,1957-03-27,Statistician II,Health,High Net Worth,N,â¢,No,10.0,91051 Cordelia Circle,3030.0,VIC,Australia,7.0
20173,,,3667,,,,,,,,,,,,Nettie,Goghin,Female,3.0,1983-02-06,Graphic Designer,Retail,Mass Customer,N,-100,Yes,8.0,32 Larry Way,3073.0,VIC,Australia,10.0
20174,,,3668,,,,,,,,,,,,Katlin,Ragsdale,Female,79.0,1955-02-09,Desktop Support Technician,Property,Mass Customer,N,â¢,Yes,6.0,3173 Park Meadow Park,2261.0,NSW,Australia,5.0
20175,,,3669,,,,,,,,,,,,Maynard,Isaq,Male,11.0,1977-06-18,Design Engineer,Manufacturing,Affluent Customer,N,Ì¡ÍÍÌIÍÌÌÌ¦nÍÍÍvÌ®Ì«okÌ²Ì«ÌÍiÌÍÌ­Ì¹Ì ÌnÌ¡Ì»Ì®Ì£ÌºgÌ²ÍÍÌ­ÍÌ¬Í Ì°tÍÌ¦hÌÌ²eÌ¢Ì¤ ÍÌ¬Ì²ÍfÌ´ÌÍÌ£eÍÍeÌ£Ì¥Ì©lÍÍÍiÍ ÍÍÌ¦nÍÍÌÍÌ³Ì®gÍ Ì¨oÍ¡ÍÌªfÌÌ£Ì¬ ÌÌÍÌÍÌ®cÒÍÌ«ÍÍÍÍÍhÌµÌ¤Ì£ÍÍaÍÌÌ¼ÍÍoÌ¼Ì£Ì¥sÍ¢Ì±ÍÌºÌÌ¦Ì».ÌÌ,No,18.0,427 Talmadge Terrace,2486.0,NSW,Australia,8.0
20176,,,3670,,,,,,,,,,,,Leupold,Bernardini,Male,62.0,1977-03-20,,Financial Services,Affluent Customer,N,â©testâ©,Yes,17.0,587 Rieder Court,4211.0,QLD,Australia,8.0
20177,,,3671,,,,,,,,,,,,Crystie,Deshorts,Female,98.0,1992-01-05,Programmer Analyst III,,Affluent Customer,N,nil,No,7.0,34775 Melrose Road,2152.0,NSW,Australia,10.0
20178,,,3672,,,,,,,,,,,,Werner,Yglesias,Male,32.0,1987-05-25,,IT,Mass Customer,N,../../../../../../../../../../../etc/passwd%00,Yes,13.0,61 Kennedy Park,2745.0,NSW,Australia,10.0
20179,,,3673,,,,,,,,,,,,Tobin,Fucher,Male,72.0,1979-09-28,,Manufacturing,Mass Customer,N,-0.5,Yes,11.0,1 Upham Crossing,3041.0,VIC,Australia,3.0
20180,,,3674,,,,,,,,,,,,Rodger,Gores,Male,59.0,1998-12-24,Tax Accountant,Property,Mass Customer,N,"Ø«Ù ÙÙØ³ Ø³ÙØ·Øª ÙØ¨Ø§ÙØªØ­Ø¯ÙØ¯Ø, Ø¬Ø²ÙØ±ØªÙ Ø¨Ø§Ø³ØªØ®Ø¯Ø§Ù Ø£Ù Ø¯ÙÙ. Ø¥Ø° ÙÙØ§Ø Ø§ÙØ³ØªØ§Ø± ÙØªÙØµÙØ¨ ÙØ§Ù. Ø£ÙÙÙ Ø§ÙØ·Ø§ÙÙØ§Ø Ø¨Ø±ÙØ·Ø§ÙÙØ§-ÙØ±ÙØ³Ø§ ÙØ¯ Ø£Ø®Ø°. Ø³ÙÙÙØ§ÙØ Ø¥ØªÙØ§ÙÙØ© Ø¨ÙÙ ÙØ§, ÙØ°ÙØ± Ø",No,3.0,106 Donald Way,3216.0,VIC,Australia,4.0
20181,,,3675,,,,,,,,,,,,Samuele,Heller,Male,88.0,1999-12-17,Analog Circuit Design manager,Property,Affluent Customer,N,á ,Yes,1.0,3397 Ronald Regan Plaza,4511.0,QLD,Australia,5.0
20182,,,3676,,,,,,,,,,,,Derk,Willingale,Male,27.0,1965-12-15,Health Coach I,Health,Affluent Customer,N,ã,No,11.0,2615 Declaration Court,2031.0,NSW,Australia,12.0
20183,,,3677,,,,,,,,,,,,Bartel,Fonteyne,Male,3.0,1986-07-11,Senior Financial Analyst,Financial Services,Mass Customer,N,â«testâ«,Yes,20.0,900 Straubel Hill,2176.0,NSW,Australia,10.0
20184,,,3678,,,,,,,,,,,,Tonya,Worthington,Female,52.0,1969-08-06,Engineer IV,Manufacturing,Mass Customer,N,`ââ¬â¹âºï¬ï¬â¡Â°Â·ââÂ±,No,19.0,4314 Ridgeview Court,2176.0,NSW,Australia,9.0
20185,,,3679,,,,,,,,,,,,Murielle,Klimkov,Female,72.0,1992-05-05,Developer II,,High Net Worth,N,-1,No,6.0,6001 Calypso Park,2320.0,NSW,Australia,5.0
20186,,,3680,,,,,,,,,,,,Sawyere,Onele,Male,17.0,1983-08-11,Accountant I,Retail,High Net Worth,N,0,No,3.0,31 Declaration Drive,4500.0,QLD,Australia,5.0
20187,,,3681,,,,,,,,,,,,Doll,Benedicto,Female,90.0,1962-02-06,Community Outreach Specialist,Property,Mass Customer,N,â£,Yes,20.0,8 Grover Parkway,2089.0,NSW,Australia,10.0
20188,,,3682,,,,,,,,,,,,Dukie,Asson,Male,94.0,1978-06-15,GIS Technical Architect,Financial Services,Mass Customer,N,ÌÌºÍÌ¹Ì¯ÍTÌ±Ì¤ÍÌ¥ÍÍhÍÌ²eÍÍÌ¼ÌÌÌ¼Ì£Í ÍÌÌ±Ì ÍÍÍNÍ ÍeÌÌ±zÌÌÌÌºÍpÌ¤ÌºÌ¹ÍÌ¯ÍeÍÌ Ì»Ì rÌ¨Ì¤ÍÌºÌÍÌÌdÍÌ ÌÌ­Ì¬ÌiÌ¦ÍÌ©ÍÍÌ¤aÌ ÌÌ¬ÍÌnÍÍ Ì»ÌÌ°ÍÍhÌµÍiÌ³ÌvÌ¢ÍeÍÌ­Í-ÒÌ­Ì©Ì¼ÍmÌ¤Ì­Ì«iÍÍÌÌ¦nÌÍdÌ£Ì ÍÌ¯Ì²ÍoÌ¨ÌÌ¯Ì°Ì²,Yes,11.0,7 Killdeer Junction,4306.0,QLD,Australia,3.0
20189,,,3683,,,,,,,,,,,,Lorain,Maliphant,Female,67.0,1957-03-30,Chief Design Engineer,,Mass Customer,N,ð,Yes,11.0,30122 Union Plaza,2066.0,NSW,Australia,9.0
20190,,,3684,,,,,,,,,,,,Jeffie,Mortell,Male,13.0,1974-04-25,Food Chemist,Health,High Net Worth,N,Ì¡ÍÍÌIÍÌÌÌ¦nÍÍÍvÌ®Ì«okÌ²Ì«ÌÍiÌÍÌ­Ì¹Ì ÌnÌ¡Ì»Ì®Ì£ÌºgÌ²ÍÍÌ­ÍÌ¬Í Ì°tÍÌ¦hÌÌ²eÌ¢Ì¤ ÍÌ¬Ì²ÍfÌ´ÌÍÌ£eÍÍeÌ£Ì¥Ì©lÍÍÍiÍ ÍÍÌ¦nÍÍÌÍÌ³Ì®gÍ Ì¨oÍ¡ÍÌªfÌÌ£Ì¬ ÌÌÍÌÍÌ®cÒÍÌ«ÍÍÍÍÍhÌµÌ¤Ì£ÍÍaÍÌÌ¼ÍÍoÌ¼Ì£Ì¥sÍ¢Ì±ÍÌºÌÌ¦Ì».ÌÌ,Yes,4.0,81 Carpenter Terrace,3321.0,VIC,Australia,3.0
20191,,,3685,,,,,,,,,,,,Solomon,Ruffles,Male,86.0,1989-06-12,Human Resources Manager,Financial Services,Affluent Customer,N,() { 0; }; touch /tmp/blns.shellshock1.fail;,Yes,16.0,46 Hollow Ridge Way,2011.0,NSW,Australia,11.0
20192,,,3686,,,,,,,,,,,,Shirley,Siss,Female,20.0,1976-08-06,,Financial Services,High Net Worth,N,ï½ï½¨(Â´âï½â©,Yes,15.0,6468 West Park,3161.0,VIC,Australia,6.0
20193,,,3687,,,,,,,,,,,,Jessie,Wards,Male,84.0,1971-10-14,Software Engineer III,Manufacturing,Mass Customer,N,../../../../../../../../../../../etc/hosts,Yes,14.0,2 Barby Court,2133.0,NSW,Australia,8.0
20194,,,3688,,,,,,,,,,,,Fritz,Le Merchant,Male,87.0,1994-04-27,General Manager,IT,Affluent Customer,N,Â¸ËÃâÄ±ËÃÂ¯ËÂ¿,Yes,5.0,4 Rockefeller Plaza,3196.0,VIC,Australia,5.0
20195,,,3689,,,,,,,,,,,,Orel,Joncic,Female,26.0,1967-09-25,,Health,Mass Customer,N,ÅâÂ´â°ËÃÂ¨ËÃâââ,Yes,7.0,00732 David Lane,3350.0,VIC,Australia,6.0
20196,,,3690,,,,,,,,,,,,Sheela,Nutton,Female,86.0,1957-05-11,Chemical Engineer,Manufacturing,Mass Customer,N,"'""''''""",No,17.0,4 Hagan Hill,2197.0,NSW,Australia,9.0
20197,,,3691,,,,,,,,,,,,Mathew,Seid,Male,73.0,1973-08-16,Environmental Tech,Retail,Affluent Customer,N,â£,No,11.0,47566 Old Gate Avenue,3064.0,VIC,Australia,6.0
20198,,,3692,,,,,,,,,,,,Linea,Kubica,Female,47.0,1961-11-05,Business Systems Development Analyst,,High Net Worth,N,../../../../../../../../../../../etc/passwd%00,Yes,6.0,9738 Delaware Crossing,2753.0,NSW,Australia,9.0
20199,,,3693,,,,,,,,,,,,Brenna,Raft,Female,58.0,1985-01-19,,Manufacturing,Affluent Customer,N,"Ø«Ù ÙÙØ³ Ø³ÙØ·Øª ÙØ¨Ø§ÙØªØ­Ø¯ÙØ¯Ø, Ø¬Ø²ÙØ±ØªÙ Ø¨Ø§Ø³ØªØ®Ø¯Ø§Ù Ø£Ù Ø¯ÙÙ. Ø¥Ø° ÙÙØ§Ø Ø§ÙØ³ØªØ§Ø± ÙØªÙØµÙØ¨ ÙØ§Ù. Ø£ÙÙÙ Ø§ÙØ·Ø§ÙÙØ§Ø Ø¨Ø±ÙØ·Ø§ÙÙØ§-ÙØ±ÙØ³Ø§ ÙØ¯ Ø£Ø®Ø°. Ø³ÙÙÙØ§ÙØ Ø¥ØªÙØ§ÙÙØ© Ø¨ÙÙ ÙØ§, ÙØ°ÙØ± Ø",Yes,21.0,5511 Clove Lane,3153.0,VIC,Australia,7.0
20200,,,3694,,,,,,,,,,,,Antoni,MacAllister,Male,91.0,1984-04-19,,Health,Mass Customer,N,",ãã»:*:ã»ãâ( â» Ï â» )ãã»:*:ã»ãâ",Yes,10.0,526 Kipling Drive,3193.0,VIC,Australia,11.0
20201,,,3695,,,,,,,,,,,,Lem,Clamp,Male,33.0,1978-02-27,Account Coordinator,Entertainment,Affluent Customer,N,á ,Yes,3.0,9585 Lakeland Avenue,2147.0,NSW,Australia,8.0
20202,,,3696,,,,,,,,,,,,Orlan,Dunning,Male,27.0,1962-12-11,Senior Financial Analyst,Financial Services,High Net Worth,N,,No,15.0,19 Daystar Alley,2761.0,NSW,Australia,8.0
20203,,,3697,,,,,,,,,,,,Zebedee,Christal,Male,47.0,1978-10-10,Recruiting Manager,,Mass Customer,N,ð©ð½,Yes,8.0,2 Union Way,2035.0,NSW,Australia,12.0
20204,,,3698,,,,,,,,,,,,Devon,Baudic,Female,49.0,1995-10-03,Geological Engineer,Manufacturing,Mass Customer,N,ï½ï½¨(Â´âï½â©,No,4.0,88 Service Hill,4573.0,QLD,Australia,8.0
20205,,,3699,,,,,,,,,,,,Lillian,Somerfield,Female,40.0,1990-10-08,Recruiting Manager,Manufacturing,Mass Customer,N,(ï½¡â â âï½¡),No,5.0,856 Basil Drive,3064.0,VIC,Australia,5.0
20206,,,3700,,,,,,,,,,,,Lazar,Restall,Male,64.0,1971-09-06,Associate Professor,Entertainment,Mass Customer,N,ï¾ï½¥â¿ã¾â²(ï½¡ââ¿âï½¡)â±â¿ï½¥ï¾,No,19.0,00 Esker Point,4207.0,QLD,Australia,3.0
20207,,,3701,,,,,,,,,,,,Anstice,Dunsmuir,Female,93.0,1974-01-20,Physical Therapy Assistant,,Affluent Customer,N,() { _; } >_[$($())] { touch /tmp/blns.shellshock2.fail; },No,9.0,792 Clyde Gallagher Trail,2120.0,NSW,Australia,10.0
20208,,,3702,,,,,,,,,,,,Floyd,Meharry,Male,74.0,1993-02-18,Biostatistician IV,Health,Mass Customer,N,ã½à¼¼àºÙÍàºà¼½ï¾ ã½à¼¼àºÙÍàºà¼½ï¾,No,10.0,9719 Bobwhite Avenue,2289.0,NSW,Australia,7.0
20209,,,3703,,,,,,,,,,,,Kelvin,Oldford,Male,37.0,1973-06-18,Teacher,Property,Affluent Customer,N,Ù¡Ù¢Ù£,No,9.0,36 Service Lane,2750.0,NSW,Australia,7.0
20210,,,3704,,,,,,,,,,,,Haslett,Ropars,Male,54.0,1975-05-08,Health Coach III,Health,High Net Worth,N,á,Yes,6.0,51158 Mitchell Place,3747.0,VIC,Australia,3.0
20211,,,3705,,,,,,,,,,,,Tedmund,Clawsley,Male,26.0,1971-12-04,,Manufacturing,Mass Customer,N,"__ï¾(,_,*)",Yes,15.0,6 3rd Point,2256.0,NSW,Australia,9.0
20212,,,3706,,,,,,,,,,,,Darby,Jellett,Male,20.0,1966-04-03,Assistant Professor,Argiculture,Affluent Customer,N,ç¤¾æç§å­¸é¢èªå­¸ç ç©¶æ,Yes,10.0,828 Cascade Crossing,3196.0,VIC,Australia,9.0
20213,,,3707,,,,,,,,,,,,Marten,Posnette,Male,10.0,1993-05-16,Senior Editor,Retail,Mass Customer,N,100,Yes,4.0,2099 Elmside Parkway,3165.0,VIC,Australia,10.0
20214,,,3708,,,,,,,,,,,,Lois,Laskey,Female,72.0,1963-05-15,Cost Accountant,Financial Services,Mass Customer,N,-100,No,19.0,6407 Pierstorff Center,4209.0,QLD,Australia,6.0
20215,,,3709,,,,,,,,,,,,Lilly,Roubay,Female,31.0,1955-03-31,GIS Technical Architect,Health,Mass Customer,N,â©testâ©,No,8.0,18 Stephen Center,3189.0,VIC,Australia,10.0
20216,,,3710,,,,,,,,,,,,Sallyann,Stangoe,Female,12.0,1974-08-22,Physical Therapy Assistant,,Mass Customer,N,"'""''''""",No,13.0,5147 Kensington Pass,2204.0,NSW,Australia,9.0
20217,,,3711,,,,,,,,,,,,Ellene,Scinelli,Female,61.0,1961-05-04,Associate Professor,Manufacturing,Affluent Customer,N,0/0,Yes,9.0,7740 Crescent Oaks Circle,4350.0,QLD,Australia,5.0
20218,,,3712,,,,,,,,,,,,Esmeralda,Klousner,Female,22.0,1957-07-12,Recruiting Manager,Financial Services,Mass Customer,N,â¦testâ§,No,19.0,03742 Granby Parkway,2768.0,NSW,Australia,9.0
20219,,,3713,,,,,,,,,,,,Cynthy,Snoad,Female,72.0,1993-02-03,,Telecommunications,High Net Worth,N,á ,Yes,8.0,37 Tennessee Way,4078.0,QLD,Australia,5.0
20220,,,3714,,,,,,,,,,,,Lemuel,Gerram,Male,83.0,1962-03-30,VP Sales,Manufacturing,Mass Customer,N,1/0,No,6.0,0616 Messerschmidt Place,2350.0,NSW,Australia,4.0
20221,,,3715,,,,,,,,,,,,Willow,Rusbridge,Female,19.0,1974-11-08,Computer Systems Analyst I,Argiculture,High Net Worth,N,"<>?:""{}|_+",Yes,10.0,25 Melvin Junction,3064.0,VIC,Australia,6.0
20222,,,3716,,,,,,,,,,,,Kari,Bamlett,Female,81.0,1998-08-24,,Retail,Affluent Customer,N,ã,No,1.0,650 Barby Street,2023.0,NSW,Australia,12.0
20223,,,3717,,,,,,,,,,,,Arlin,Woollacott,Male,88.0,1958-12-07,Senior Financial Analyst,Financial Services,Mass Customer,N,"Ø«Ù ÙÙØ³ Ø³ÙØ·Øª ÙØ¨Ø§ÙØªØ­Ø¯ÙØ¯Ø, Ø¬Ø²ÙØ±ØªÙ Ø¨Ø§Ø³ØªØ®Ø¯Ø§Ù Ø£Ù Ø¯ÙÙ. Ø¥Ø° ÙÙØ§Ø Ø§ÙØ³ØªØ§Ø± ÙØªÙØµÙØ¨ ÙØ§Ù. Ø£ÙÙÙ Ø§ÙØ·Ø§ÙÙØ§Ø Ø¨Ø±ÙØ·Ø§ÙÙØ§-ÙØ±ÙØ³Ø§ ÙØ¯ Ø£Ø®Ø°. Ø³ÙÙÙØ§ÙØ Ø¥ØªÙØ§ÙÙØ© Ø¨ÙÙ ÙØ§, ÙØ°ÙØ± Ø",Yes,18.0,63795 Logan Junction,3805.0,VIC,Australia,7.0
20224,,,3718,,,,,,,,,,,,Damiano,,U,22.0,,Geologist IV,IT,Mass Customer,N,,Yes,0.0,506 Tennyson Avenue,4118.0,QLD,Australia,9.0
20225,,,3719,,,,,,,,,,,,Dorette,Attridge,Female,26.0,1956-10-19,Sales Representative,Retail,Mass Customer,N,âââ,No,6.0,7 Shasta Terrace,2821.0,NSW,Australia,2.0
20226,,,3720,,,,,,,,,,,,Adelice,Tams,Female,23.0,1972-08-15,,,Mass Customer,N,â¡,No,15.0,61 Shoshone Alley,3150.0,VIC,Australia,10.0
20227,,,3721,,,,,,,,,,,,Merrili,Potticary,Female,84.0,1994-10-13,Senior Quality Engineer,Financial Services,Mass Customer,N,",./;'[]\-=",Yes,7.0,3241 Rigney Place,3337.0,VIC,Australia,4.0
20228,,,3722,,,,,,,,,,,,Merilee,Hammerson,Female,69.0,1975-11-07,,Retail,Mass Customer,N,ðµ ð ð ð,No,7.0,65885 Maple Hill,3072.0,VIC,Australia,10.0
20229,,,3723,,,,,,,,,,,,Justine,Pirt,Female,31.0,1993-10-22,Accountant II,Financial Services,High Net Worth,N,ãã¼ãã£ã¼ã¸è¡ããªãã,No,7.0,310 Cody Street,2125.0,NSW,Australia,11.0
20230,,,3724,,,,,,,,,,,,Griffith,Minor,Male,24.0,1976-03-23,,IT,Affluent Customer,N,,No,9.0,7650 Stone Corner Avenue,3201.0,VIC,Australia,5.0
20231,,,3725,,,,,,,,,,,,Elisha,Venny,Male,37.0,1970-07-21,Research Assistant II,,Mass Customer,N,ð¾ ð ð ð ð ð ð ð,Yes,5.0,6033 Blaine Court,2075.0,NSW,Australia,12.0
20232,,,3726,,,,,,,,,,,,Ange,Austick,Female,36.0,1976-06-17,GIS Technical Architect,Property,Mass Customer,N,"Ø«Ù ÙÙØ³ Ø³ÙØ·Øª ÙØ¨Ø§ÙØªØ­Ø¯ÙØ¯Ø, Ø¬Ø²ÙØ±ØªÙ Ø¨Ø§Ø³ØªØ®Ø¯Ø§Ù Ø£Ù Ø¯ÙÙ. Ø¥Ø° ÙÙØ§Ø Ø§ÙØ³ØªØ§Ø± ÙØªÙØµÙØ¨ ÙØ§Ù. Ø£ÙÙÙ Ø§ÙØ·Ø§ÙÙØ§Ø Ø¨Ø±ÙØ·Ø§ÙÙØ§-ÙØ±ÙØ³Ø§ ÙØ¯ Ø£Ø®Ø°. Ø³ÙÙÙØ§ÙØ Ø¥ØªÙØ§ÙÙØ© Ø¨ÙÙ ÙØ§, ÙØ°ÙØ± Ø",No,19.0,515 Fallview Way,2484.0,NSW,Australia,8.0
20233,,,3727,,,,,,,,,,,,Eba,Youle,U,65.0,,Assistant Professor,IT,Mass Customer,N,,No,0.0,757 International Road,3158.0,VIC,Australia,8.0
20234,,,3728,,,,,,,,,,,,Chanda,Garmons,Female,27.0,1986-09-01,Technical Writer,Property,Affluent Customer,N,,Yes,21.0,0 Declaration Center,2250.0,NSW,Australia,10.0
20235,,,3729,,,,,,,,,,,,Armand,McNish,Male,6.0,1960-12-16,Financial Analyst,Financial Services,Mass Customer,N,`ââ¬â¹âºï¬ï¬â¡Â°Â·ââÂ±,No,19.0,1 Parkside Avenue,3109.0,VIC,Australia,10.0
20236,,,3730,,,,,,,,,,,,Joann,Clemson,Female,85.0,1960-02-18,Junior Executive,Manufacturing,Affluent Customer,N,../../../../../../../../../../../etc/passwd%00,No,6.0,73128 Pearson Pass,4132.0,QLD,Australia,4.0
20237,,,3731,,,,,,,,,,,,Jandy,Rodgers,Female,91.0,1991-10-27,Chief Design Engineer,,Mass Customer,N,,No,8.0,1940 Morning Circle,2765.0,NSW,Australia,9.0
20238,,,3732,,,,,,,,,,,,Shawn,De Hooge,Female,47.0,1992-06-07,Research Associate,Manufacturing,Mass Customer,N,100,No,2.0,18 Chinook Plaza,2756.0,NSW,Australia,9.0
20239,,,3733,,,,,,,,,,,,Shelden,Rodenburg,Male,70.0,1977-11-01,,,Mass Customer,N,â°â´âµ,No,11.0,7912 Jana Lane,2194.0,NSW,Australia,8.0
20240,,,3734,,,,,,,,,,,,Trixi,Wickes,Female,46.0,1977-01-07,Help Desk Technician,Manufacturing,Mass Customer,N,-100,No,21.0,534 Arrowood Trail,4212.0,QLD,Australia,8.0
20241,,,3735,,,,,,,,,,,,Cchaddie,Heffron,Male,91.0,1961-12-02,Senior Quality Engineer,Entertainment,Mass Customer,N,(ï¾à²¥çà²¥ï¼ï¾ï»¿ â»ââ»,No,15.0,79 Butterfield Street,2016.0,NSW,Australia,11.0
20242,,,3736,,,,,,,,,,,,Charles,Brounfield,Male,64.0,1992-03-13,Senior Developer,Argiculture,Mass Customer,N,',Yes,10.0,789 Alpine Lane,2390.0,NSW,Australia,8.0
20243,,,3737,,,,,,,,,,,,Elyssa,De Witt,Female,86.0,1981-03-21,Design Engineer,Manufacturing,Affluent Customer,N,1'; DROP TABLE users--,No,8.0,4178 Bartelt Parkway,2505.0,NSW,Australia,8.0
20244,,,3738,,,,,,,,,,,,Lucila,Smalls,Female,19.0,1959-12-19,Professor,Financial Services,High Net Worth,N,Â¸ËÃâÄ±ËÃÂ¯ËÂ¿,Yes,19.0,44 Londonderry Parkway,2164.0,NSW,Australia,10.0
20245,,,3739,,,,,,,,,,,,Gates,Nelthorpe,Female,59.0,1991-08-27,Environmental Tech,IT,High Net Worth,N,"""'",No,5.0,712 Sage Park,3149.0,VIC,Australia,9.0
20246,,,3740,,,,,,,,,,,,Rania,Poulter,Female,82.0,1979-12-03,Dental Hygienist,Health,Mass Customer,N,Ù¡Ù¢Ù£,No,8.0,88987 Dexter Park,2806.0,NSW,Australia,1.0
20247,,,3741,,,,,,,,,,,,Mollee,Jeavons,Female,19.0,1970-02-01,Nurse,,Affluent Customer,N,../../../../../../../../../../../etc/passwd%00,Yes,16.0,52 Helena Lane,2192.0,NSW,Australia,10.0
20248,,,3742,,,,,,,,,,,,Veda,Faill,Female,79.0,1961-11-09,Editor,Property,High Net Worth,N,â°â´âµâââ,Yes,16.0,3 High Crossing Parkway,3006.0,VIC,Australia,7.0
20249,,,3743,,,,,,,,,,,,Riki,Aimable,Female,85.0,1986-08-02,Tax Accountant,Property,Mass Customer,N,Ã¥ÃâÆÂ©ËâËÂ¬â¦Ã¦,No,22.0,45 Fordem Court,3191.0,VIC,Australia,10.0
20250,,,3744,,,,,,,,,,,,Franchot,Loeber,Male,57.0,1981-01-05,,Financial Services,Mass Customer,N,-0.5,Yes,9.0,82583 North Hill,2528.0,NSW,Australia,7.0
20251,,,3745,,,,,,,,,,,,Randy,Duligall,Female,90.0,1977-12-05,Dental Hygienist,Health,Mass Customer,N,ï»¿,Yes,20.0,79 Crescent Oaks Court,2806.0,NSW,Australia,1.0
20252,,,3746,,,,,,,,,,,,Thaddeus,McLurg,Male,64.0,1961-09-01,Developer II,,Affluent Customer,N,`ââ¬â¹âºï¬ï¬â¡Â°Â·ââÂ±,Yes,16.0,1 Utah Alley,2232.0,NSW,Australia,10.0
20253,,,3747,,,,,,,,,,,,Valerye,Yukhtin,Female,8.0,1990-02-24,Web Developer IV,Manufacturing,Mass Customer,N,1,Yes,10.0,353 Donald Street,3199.0,VIC,Australia,7.0
20254,,,3748,,,,,,,,,,,,Maurise,Beal,Male,82.0,1956-01-10,Staff Scientist,,Affluent Customer,N,åè£½æ¼¢èª,Yes,18.0,86 Fairfield Alley,2558.0,NSW,Australia,8.0
20255,,,3749,,,,,,,,,,,,Blondelle,Swynley,Female,3.0,2001-04-21,,IT,Affluent Customer,N,!@#$%^&*(),No,1.0,33 Sugar Alley,2060.0,NSW,Australia,12.0
20256,,,3750,,,,,,,,,,,,Yanaton,Beacom,Male,78.0,1972-04-14,Chemical Engineer,Manufacturing,Affluent Customer,N,Ã¥ÃâÆÂ©ËâËÂ¬â¦Ã¦,Yes,6.0,92 Northridge Park,2450.0,NSW,Australia,4.0
20257,,,3751,,,,,,,,,,,,Millicent,Nacci,Female,44.0,1978-12-28,Environmental Specialist,,Affluent Customer,N,<svg><script>0<1>alert('XSS')</script>,Yes,13.0,1 Algoma Trail,4213.0,QLD,Australia,6.0
20258,,,3752,,,,,,,,,,,,Peta,Nunes Nabarro,Female,67.0,1961-09-15,Administrative Assistant I,Argiculture,Affluent Customer,N,,Yes,16.0,08261 Aberg Junction,2176.0,NSW,Australia,9.0
20259,,,3753,,,,,,,,,,,,Ebony,Peagrim,Female,16.0,1997-08-21,Office Assistant II,Manufacturing,Mass Customer,N,â¦testâ§,No,3.0,549 Randy Point,2560.0,NSW,Australia,7.0
20260,,,3754,,,,,,,,,,,,Emmy,MacGibbon,Female,74.0,1961-02-16,,Telecommunications,Mass Customer,N,-100,No,19.0,09295 Judy Terrace,2753.0,NSW,Australia,8.0
20261,,,3755,,,,,,,,,,,,Stephen,Garnar,Male,38.0,1994-05-10,Chief Design Engineer,Financial Services,High Net Worth,N,nil,Yes,7.0,78 Southridge Parkway,2257.0,NSW,Australia,9.0
20262,,,3756,,,,,,,,,,,,Barry,,Male,22.0,1977-07-08,,,Affluent Customer,N,-1,No,10.0,04 Oakridge Drive,4123.0,QLD,Australia,9.0
20263,,,3757,,,,,,,,,,,,Hyacinthia,Crain,Female,75.0,1999-09-12,Information Systems Manager,,Affluent Customer,N,(â¯Â°â¡Â°ï¼â¯ï¸µ â»ââ»),No,2.0,20101 Prentice Terrace,2074.0,NSW,Australia,11.0
20264,,,3758,,,,,,,,,,,,Naomi,Whiles,Female,71.0,1959-07-30,Recruiting Manager,Telecommunications,Mass Customer,N,ì¬íê³¼íì ì´íì°êµ¬ì,Yes,12.0,498 Golf Parkway,2144.0,NSW,Australia,10.0
20265,,,3759,,,,,,,,,,,,Sue,Batstone,Female,68.0,1995-03-04,Programmer IV,Property,Mass Customer,N,â°â´âµ,Yes,4.0,23 West Crossing,3192.0,VIC,Australia,7.0
20266,,,3760,,,,,,,,,,,,Bryana,Vennart,Female,73.0,1976-06-09,,Financial Services,Mass Customer,N,â£,No,18.0,011 Johnson Park,3121.0,VIC,Australia,11.0
20267,,,3761,,,,,,,,,,,,Zarla,Seyers,Female,87.0,1973-07-20,Biostatistician II,Telecommunications,Mass Customer,N,<script>alert('hi')</script>,Yes,13.0,5 Atwood Crossing,2321.0,NSW,Australia,3.0
20268,,,3762,,,,,,,,,,,,Marinna,Ors,Female,48.0,1967-03-22,,Property,Mass Customer,N,nil,No,14.0,28008 Mesta Lane,2767.0,NSW,Australia,9.0
20269,,,3763,,,,,,,,,,,,Law,Jore,Male,37.0,1981-01-27,Quality Control Specialist,,Affluent Customer,N,ã½à¼¼àºÙÍàºà¼½ï¾ ã½à¼¼àºÙÍàºà¼½ï¾,Yes,20.0,1 Dixon Way,3072.0,VIC,Australia,5.0
20270,,,3764,,,,,,,,,,,,Nonie,Newson,Female,29.0,1957-05-06,Cost Accountant,Financial Services,Mass Customer,N,,Yes,15.0,31446 5th Court,3064.0,VIC,Australia,4.0
20271,,,3765,,,,,,,,,,,,Bobbe,Lomaz,Female,20.0,1963-06-01,Automation Specialist IV,Property,Mass Customer,N,ð©ð½,No,18.0,8397 Holy Cross Parkway,2087.0,NSW,Australia,11.0
20272,,,3766,,,,,,,,,,,,Marcos,Algar,Male,47.0,1970-04-13,Desktop Support Technician,Financial Services,Mass Customer,N,"<>?:""{}|_+",Yes,19.0,85958 Bartillon Way,3201.0,VIC,Australia,6.0
20273,,,3767,,,,,,,,,,,,Man,Bigglestone,Male,25.0,1982-09-14,Web Developer IV,,High Net Worth,N,"'""''''""",No,16.0,877 Corben Center,2500.0,NSW,Australia,7.0
20274,,,3768,,,,,,,,,,,,Christina,Grevatt,Female,44.0,1971-01-17,Senior Financial Analyst,Financial Services,Mass Customer,N,ãã¼ãã£ã¼ã¸è¡ããªãã,Yes,14.0,6 Maple Wood Junction,4012.0,QLD,Australia,7.0
20275,,,3769,,,,,,,,,,,,Kerry,Wooldridge,Male,40.0,1993-01-19,Desktop Support Technician,Health,High Net Worth,N,-1,Yes,5.0,5304 Oneill Pass,2117.0,NSW,Australia,10.0
20276,,,3770,,,,,,,,,,,,Caddric,Ruddiforth,Male,54.0,1988-02-02,Legal Assistant,Argiculture,Mass Customer,N,"""'",No,17.0,884 Packers Junction,2034.0,NSW,Australia,10.0
20277,,,3771,,,,,,,,,,,,Pippy,Matysiak,Female,78.0,1974-09-08,Electrical Engineer,Manufacturing,Mass Customer,N,1,No,17.0,95 East Road,2093.0,NSW,Australia,9.0
20278,,,3772,,,,,,,,,,,,Anselma,Rennie,Female,45.0,1999-02-07,Physical Therapy Assistant,Manufacturing,Mass Customer,N,"'""''''""",Yes,2.0,9932 Atwood Center,2011.0,NSW,Australia,10.0
20279,,,3773,,,,,,,,,,,,Wadsworth,Ruselin,Male,44.0,1976-02-06,Accountant I,,Affluent Customer,N,<script>alert('hi')</script>,Yes,18.0,1929 Crowley Drive,4034.0,QLD,Australia,7.0
20280,,,3774,,,,,,,,,,,,Elizabeth,Christy,Female,38.0,1998-11-07,Statistician I,Property,High Net Worth,N,100,No,2.0,70 West Plaza,3020.0,VIC,Australia,8.0
20281,,,3775,,,,,,,,,,,,Avie,Cleator,Female,16.0,1985-02-13,,Health,Affluent Customer,N,-100,No,8.0,7 Norway Maple Avenue,4172.0,QLD,Australia,5.0
20282,,,3776,,,,,,,,,,,,Kennie,Baszniak,Male,46.0,1977-05-02,Recruiter,Retail,Mass Customer,N,ÃÃÃÃËÃÃï£¿ÃÃÃâ,Yes,19.0,54285 Annamark Way,3977.0,VIC,Australia,6.0
20283,,,3777,,,,,,,,,,,,Letty,Giacobelli,Female,13.0,1969-06-12,Cost Accountant,Financial Services,High Net Worth,N,ì¬íê³¼íì ì´íì°êµ¬ì,Yes,6.0,761 Carioca Drive,4226.0,QLD,Australia,7.0
20284,,,3778,,,,,,,,,,,,Ilaire,Redborn,Male,99.0,1971-06-09,Dental Hygienist,Health,High Net Worth,N,",ãã»:*:ã»ãâ( â» Ï â» )ãã»:*:ã»ãâ",No,10.0,69131 Kipling Alley,3351.0,VIC,Australia,4.0
20285,,,3779,,,,,,,,,,,,Ulick,Daspar,U,68.0,,,IT,Affluent Customer,N,,No,0.0,3052 Green Drive,3142.0,VIC,Australia,11.0
20286,,,3780,,,,,,,,,,,,Mitchel,Bellefant,Male,10.0,1993-11-01,Desktop Support Technician,Financial Services,High Net Worth,N,1,No,8.0,33331 Corry Road,2560.0,NSW,Australia,8.0
20287,,,3781,,,,,,,,,,,,Karalee,Hosten,Female,30.0,1961-10-16,Graphic Designer,Retail,Mass Customer,N,â°â´âµâââ,Yes,12.0,69 Porter Parkway,4128.0,QLD,Australia,7.0
20288,,,3782,,,,,,,,,,,,Elijah,Drillot,Male,12.0,1973-06-13,Environmental Specialist,Financial Services,Mass Customer,N,ï¼ï¼ï¼,No,11.0,934 Dwight Park,2280.0,NSW,Australia,7.0
20289,,,3783,,,,,,,,,,,,Eachelle,Girardey,Female,61.0,1974-08-29,Compensation Analyst,Financial Services,Mass Customer,N,(ï¾à²¥çà²¥ï¼ï¾ï»¿ â»ââ»,No,7.0,27784 Hansons Trail,3078.0,VIC,Australia,11.0
20290,,,3784,,,,,,,,,,,,Davie,Moscon,Male,56.0,1983-06-04,,Financial Services,High Net Worth,N,1,No,13.0,464 Acker Way,2756.0,NSW,Australia,9.0
20291,,,3785,,,,,,,,,,,,Fernande,Jahan,Female,93.0,1969-04-09,Compensation Analyst,Financial Services,Affluent Customer,N,â°â´âµâââ,No,14.0,53533 Dakota Pass,2077.0,NSW,Australia,10.0
20292,,,3786,,,,,,,,,,,,Barnie,Blenkensop,Male,12.0,1985-12-28,Systems Administrator IV,,High Net Worth,N,ã»(ï¿£âï¿£)ã»:*:,No,22.0,546 Summerview Center,2074.0,NSW,Australia,11.0
20293,,,3787,,,,,,,,,,,,Mariejeanne,Kelling,Female,1.0,1965-10-06,Systems Administrator III,Manufacturing,High Net Worth,N,âªâªtestâª,No,6.0,1 Carey Crossing,2047.0,NSW,Australia,10.0
20294,,,3788,,,,,,,,,,,,Wilie,Glanton,Female,73.0,1962-07-21,Environmental Specialist,Financial Services,Mass Customer,N,ãã¼ãã£ã¼ã¸è¡ããªãã,No,18.0,7524 David Place,2850.0,NSW,Australia,3.0
20295,,,3789,,,,,,,,,,,,Conn,Westberg,Male,52.0,1956-08-08,Civil Engineer,Manufacturing,Mass Customer,N,ðµ ð ð ð,Yes,6.0,7 Granby Crossing,3083.0,VIC,Australia,9.0
20296,,,3790,,,,,,,,,,,,Kurtis,Morson,Male,91.0,1959-05-31,Senior Editor,Retail,Mass Customer,Y,ÌÌºÍÌ¹Ì¯ÍTÌ±Ì¤ÍÌ¥ÍÍhÍÌ²eÍÍÌ¼ÌÌÌ¼Ì£Í ÍÌÌ±Ì ÍÍÍNÍ ÍeÌÌ±zÌÌÌÌºÍpÌ¤ÌºÌ¹ÍÌ¯ÍeÍÌ Ì»Ì rÌ¨Ì¤ÍÌºÌÍÌÌdÍÌ ÌÌ­Ì¬ÌiÌ¦ÍÌ©ÍÍÌ¤aÌ ÌÌ¬ÍÌnÍÍ Ì»ÌÌ°ÍÍhÌµÍiÌ³ÌvÌ¢ÍeÍÌ­Í-ÒÌ­Ì©Ì¼ÍmÌ¤Ì­Ì«iÍÍÌÌ¦nÌÍdÌ£Ì ÍÌ¯Ì²ÍoÌ¨ÌÌ¯Ì°Ì²,Yes,9.0,8681 Dennis Pass,3215.0,VIC,Australia,3.0
20297,,,3791,,,,,,,,,,,,Bertrand,Sissons,Male,17.0,1993-05-26,Quality Control Specialist,Health,Affluent Customer,N,,No,6.0,1 Pankratz Circle,3083.0,VIC,Australia,8.0
20298,,,3792,,,,,,,,,,,,Ingunna,Loxston,Female,81.0,1976-04-16,VP Marketing,Financial Services,Affluent Customer,N,2018-02-01 00:00:00,Yes,5.0,9904 Oakridge Parkway,4370.0,QLD,Australia,3.0
20299,,,3793,,,,,,,,,,,,Shannen,Pitcock,Female,49.0,1957-05-12,Engineer IV,,Affluent Customer,N,Ã¥ÃâÆÂ©ËâËÂ¬â¦Ã¦,Yes,15.0,249 Anderson Street,2153.0,NSW,Australia,10.0
20300,,,3794,,,,,,,,,,,,Dorrie,Paige,Female,47.0,1994-07-06,,IT,Mass Customer,N,1/0,No,2.0,3463 Merchant Trail,3152.0,VIC,Australia,10.0
20301,,,3795,,,,,,,,,,,,Taylor,Dollimore,Male,88.0,1956-06-24,Systems Administrator III,Argiculture,High Net Worth,N,ç¤¾æç§å­¸é¢èªå­¸ç ç©¶æ,Yes,5.0,699 Hudson Road,2138.0,NSW,Australia,9.0
20302,,,3796,,,,,,,,,,,,Morgen,Sieghart,Male,51.0,1965-07-27,Paralegal,Financial Services,Mass Customer,N,1000000000000000049861653971908893017010268485438462151574892930611988399099305815384459015356416,Yes,9.0,9 Dwight Drive,2710.0,NSW,Australia,1.0
20303,,,3797,,,,,,,,,,,,Kriste,Oldall,Female,76.0,1979-08-18,Occupational Therapist,Health,Affluent Customer,N,"<>?:""{}|_+",Yes,4.0,13 Colorado Lane,2099.0,NSW,Australia,9.0
20304,,,3798,,,,,,,,,,,,Yorker,Dennison,Male,13.0,1968-02-22,,Manufacturing,Mass Customer,N,1000000000000000049861653971908893017010268485438462151574892930611988399099305815384459015356416,Yes,17.0,39946 Kenwood Court,3070.0,VIC,Australia,9.0
20305,,,3799,,,,,,,,,,,,Violetta,Monnery,Female,94.0,1971-01-28,Tax Accountant,Property,High Net Worth,N,",./;'[]\-=",No,18.0,72204 Springs Way,3104.0,VIC,Australia,12.0
20306,,,3800,,,,,,,,,,,,Morena,Ayer,Female,19.0,1980-10-28,Environmental Tech,,High Net Worth,N,é¨è½æ ¼,No,15.0,365 Jenifer Point,4116.0,QLD,Australia,7.0
20307,,,3801,,,,,,,,,,,,Auberta,Andrault,Female,76.0,1971-03-06,Research Nurse,Health,Mass Customer,N,",ãã»:*:ã»ãâ( â» Ï â» )ãã»:*:ã»ãâ",Yes,17.0,53 Texas Road,2262.0,NSW,Australia,7.0
20308,,,3802,,,,,,,,,,,,Leila,Elcombe,Female,9.0,1970-10-27,Chief Design Engineer,Telecommunications,High Net Worth,N,Ì¦HÍÌ¬Ì¤ÌÌ¤eÍ ÍÌÌ¥ÌÌ»ÍÌwÌhÌÌ¯ÍoÌÍÌÍÌ±Ì® ÒÌºÌÌÌÍWÌ·Ì¼Ì­aÌºÌªÍiÌ¨ÍÍÌ­ÍÌ¯ÌtÌ¶Ì¼Ì®sÌÌÍÍ Ì Ì«Ì BÌ»ÍÍÍÍÌ³eÌµhÌµÌ¬ÍÌ«ÍiÌÌ¹ÍÌ³Ì³Ì®ÍÌ«nÍdÌ´ÌªÌÌ ÍÌ°ÍÌ©ÍÍÍÌ²TÍ¢ÍÌ¼ÍÌªhÍÍÌ®Ì»eÌ¬ÌÍÌ Ì¤Ì¹ÌWÍÍÍÌÌÍÍaÍÍÍÌ¹Ì¼,Yes,5.0,6 Morningstar Park,2324.0,NSW,Australia,7.0
20309,,,3803,,,,,,,,,,,,Josepha,Finder,Female,54.0,1961-05-13,Dental Hygienist,Health,Mass Customer,N,!@#$%^&*(),Yes,11.0,6901 Russell Street,3977.0,VIC,Australia,6.0
20310,,,3804,,,,,,,,,,,,Andria,Keays,Female,23.0,1986-08-21,,Manufacturing,Mass Customer,N,ð¾ ð ð ð ð ð ð ð§,Yes,4.0,26 Barby Terrace,2263.0,NSW,Australia,6.0
20311,,,3805,,,,,,,,,,,,Margaret,McSperrin,Female,52.0,1977-08-16,Software Test Engineer II,Property,Affluent Customer,N,Â¡â¢Â£Â¢âÂ§Â¶â¢ÂªÂºââ ,No,4.0,23541 Dayton Drive,2177.0,NSW,Australia,9.0
20312,,,3806,,,,,,,,,,,,Ado,Gailor,Male,1.0,1954-02-08,,Property,Mass Customer,N,Ã¥ÃâÆÂ©ËâËÂ¬â¦Ã¦,No,7.0,81 Pine View Avenue,4208.0,QLD,Australia,5.0
20313,,,3807,,,,,,,,,,,,Bibby,Goman,Female,73.0,1976-05-21,Analyst Programmer,Retail,Mass Customer,N,`ââ¬â¹âºï¬ï¬â¡Â°Â·ââÂ±,No,21.0,91 Dennis Plaza,4127.0,QLD,Australia,6.0
20314,,,3808,,,,,,,,,,,,Cal,Wilber,Male,66.0,1969-10-11,Recruiting Manager,Manufacturing,Mass Customer,N,ZÌ®ÌÍÌ ÍÍAÌ¥ÌÌÍÌ»ÌLÌ£ÍÍÌ¯Ì¹ÌÍGÌ»OÌ­ÌÌ®,Yes,11.0,43 Hollow Ridge Center,3215.0,VIC,Australia,3.0
20315,,,3809,,,,,,,,,,,,Angelita,Itzcovichch,Female,44.0,1955-09-08,VP Quality Control,Manufacturing,Affluent Customer,N,,No,11.0,045 Debs Pass,3145.0,VIC,Australia,12.0
20316,,,3810,,,,,,,,,,,,Cacilie,Grimoldby,Female,22.0,1974-09-05,Food Chemist,Health,Affluent Customer,N,',No,5.0,73 Debra Terrace,2141.0,NSW,Australia,7.0
20317,,,3811,,,,,,,,,,,,Etta,Leele,Female,60.0,1997-03-19,,Financial Services,High Net Worth,N,!@#$%^&*(),No,4.0,96899 Hermina Circle,2062.0,NSW,Australia,9.0
20318,,,3812,,,,,,,,,,,,Sophie,Druhan,Female,91.0,1977-07-04,VP Product Management,Retail,Mass Customer,N,â°â´âµâââ,Yes,12.0,38 Trailsway Parkway,2118.0,NSW,Australia,11.0
20319,,,3813,,,,,,,,,,,,Skelly,Caudell,Male,12.0,1979-04-13,Media Manager IV,IT,Mass Customer,N,NIL,Yes,6.0,22171 Bayside Parkway,2880.0,NSW,Australia,1.0
20320,,,3814,,,,,,,,,,,,Constancia,Gebbe,Female,10.0,1983-07-01,VP Product Management,Financial Services,Mass Customer,N,(ï¾à²¥çà²¥ï¼ï¾ï»¿ â»ââ»,Yes,11.0,6011 Knutson Way,3065.0,VIC,Australia,7.0
20321,,,3815,,,,,,,,,,,,Jayson,Gasparro,Male,99.0,1981-04-19,Librarian,Entertainment,Mass Customer,N,âââ,Yes,5.0,0127 East Court,3199.0,VIC,Australia,5.0
20322,,,3816,,,,,,,,,,,,Farra,Klimkiewich,Female,93.0,1969-10-26,Safety Technician I,Property,Mass Customer,N,<svg><script>0<1>alert('XSS')</script>,Yes,18.0,1 Fordem Road,2144.0,NSW,Australia,9.0
20323,,,3817,,,,,,,,,,,,Tuckie,,Male,65.0,1957-05-02,VP Product Management,Manufacturing,High Net Worth,N,!@#$%^&*(),No,13.0,7681 Waywood Alley,3860.0,VIC,Australia,1.0
20324,,,3818,,,,,,,,,,,,Erny,Andryushin,Male,5.0,1964-08-08,Sales Representative,Retail,Mass Customer,N,() { _; } >_[$($())] { touch /tmp/blns.shellshock2.fail; },Yes,7.0,9 Donald Junction,2046.0,NSW,Australia,12.0
20325,,,3819,,,,,,,,,,,,Alvan,Phillput,Male,62.0,1978-06-29,Staff Accountant I,,High Net Worth,N,ð ð ±ð ¹ð ±ð ±¸ð ²ð ³,No,3.0,47855 Tomscot Parkway,2226.0,NSW,Australia,8.0
20326,,,3820,,,,,,,,,,,,Maren,Ruske,Female,65.0,1980-03-08,Business Systems Development Analyst,IT,Mass Customer,N,ÌÌºÍÌ¹Ì¯ÍTÌ±Ì¤ÍÌ¥ÍÍhÍÌ²eÍÍÌ¼ÌÌÌ¼Ì£Í ÍÌÌ±Ì ÍÍÍNÍ ÍeÌÌ±zÌÌÌÌºÍpÌ¤ÌºÌ¹ÍÌ¯ÍeÍÌ Ì»Ì rÌ¨Ì¤ÍÌºÌÍÌÌdÍÌ ÌÌ­Ì¬ÌiÌ¦ÍÌ©ÍÍÌ¤aÌ ÌÌ¬ÍÌnÍÍ Ì»ÌÌ°ÍÍhÌµÍiÌ³ÌvÌ¢ÍeÍÌ­Í-ÒÌ­Ì©Ì¼ÍmÌ¤Ì­Ì«iÍÍÌÌ¦nÌÍdÌ£Ì ÍÌ¯Ì²ÍoÌ¨ÌÌ¯Ì°Ì²,No,17.0,394 Russell Avenue,2209.0,NSW,Australia,10.0
20327,,,3821,,,,,,,,,,,,Cassandra,Cescotti,Female,96.0,1988-03-27,VP Marketing,Manufacturing,Affluent Customer,N,"""'",No,14.0,86 Claremont Junction,2135.0,NSW,Australia,7.0
20328,,,3822,,,,,,,,,,,,Conny,Speechley,Male,37.0,1959-03-09,,Manufacturing,High Net Worth,N,100,Yes,18.0,2 Transport Plaza,2658.0,NSW,Australia,1.0
20329,,,3823,,,,,,,,,,,,Corabel,Todd,Female,5.0,1964-12-02,Budget/Accounting Analyst II,Retail,Affluent Customer,N,Î©âÃ§ââ«ËÂµâ¤â¥Ã·,No,4.0,20 Susan Court,3015.0,VIC,Australia,10.0
20330,,,3824,,,,,,,,,,,,Giffard,Stollman,Male,33.0,1994-11-21,,Property,Mass Customer,N,,No,3.0,838 Redwing Street,2428.0,NSW,Australia,8.0
20331,,,3825,,,,,,,,,,,,Cinda,Rounds,Female,82.0,1978-10-12,Recruiting Manager,Health,Mass Customer,N,,No,11.0,9 West Crossing,2446.0,NSW,Australia,7.0
20332,,,3826,,,,,,,,,,,,Marlow,Balffye,Male,33.0,1978-09-25,,Health,Mass Customer,N,ðµ ð ð ð,No,7.0,22105 Arrowood Crossing,3124.0,VIC,Australia,7.0
20333,,,3827,,,,,,,,,,,,Cherida,Whyffen,Female,10.0,1976-09-05,,Retail,Affluent Customer,N,ZÌ®ÌÍÌ ÍÍAÌ¥ÌÌÍÌ»ÌLÌ£ÍÍÌ¯Ì¹ÌÍGÌ»OÌ­ÌÌ®,No,8.0,9240 Green Avenue,3810.0,VIC,Australia,5.0
20334,,,3828,,,,,,,,,,,,Tessy,Beefon,Female,81.0,1992-05-12,Dental Hygienist,Health,Mass Customer,N,â¤ï¸ ð ð ð ð ð ð ð ð ð ð ð ð ð ð,No,6.0,0964 Bayside Park,3136.0,VIC,Australia,9.0
20335,,,3829,,,,,,,,,,,,Cornie,Hillhouse,Male,68.0,1980-09-01,Account Coordinator,,Mass Customer,N,<svg><script>0<1>alert('XSS')</script>,Yes,15.0,9717 Main Parkway,3052.0,VIC,Australia,8.0
20336,,,3830,,,,,,,,,,,,Jareb,Filippucci,Male,92.0,1954-10-31,Sales Representative,Retail,High Net Worth,N,ð©ð½,No,8.0,4123 Eliot Alley,4306.0,QLD,Australia,6.0
20337,,,3831,,,,,,,,,,,,Kory,Mabson,Male,10.0,1971-06-09,Librarian,Entertainment,Affluent Customer,N,Â¸ËÃâÄ±ËÃÂ¯ËÂ¿,Yes,6.0,36708 Algoma Junction,2170.0,NSW,Australia,6.0
20338,,,3832,,,,,,,,,,,,Sarajane,Mortimer,Female,30.0,1973-09-26,Safety Technician III,Financial Services,High Net Worth,N,ÅâÂ´â°ËÃÂ¨ËÃâââ,No,9.0,3 Mandrake Parkway,2118.0,NSW,Australia,9.0
20339,,,3833,,,,,,,,,,,,Jamie,Staziker,Female,88.0,1985-12-10,Account Coordinator,Manufacturing,Mass Customer,N,"Ø«Ù ÙÙØ³ Ø³ÙØ·Øª ÙØ¨Ø§ÙØªØ­Ø¯ÙØ¯Ø, Ø¬Ø²ÙØ±ØªÙ Ø¨Ø§Ø³ØªØ®Ø¯Ø§Ù Ø£Ù Ø¯ÙÙ. Ø¥Ø° ÙÙØ§Ø Ø§ÙØ³ØªØ§Ø± ÙØªÙØµÙØ¨ ÙØ§Ù. Ø£ÙÙÙ Ø§ÙØ·Ø§ÙÙØ§Ø Ø¨Ø±ÙØ·Ø§ÙÙØ§-ÙØ±ÙØ³Ø§ ÙØ¯ Ø£Ø®Ø°. Ø³ÙÙÙØ§ÙØ Ø¥ØªÙØ§ÙÙØ© Ø¨ÙÙ ÙØ§, ÙØ°ÙØ± Ø",No,16.0,78 Declaration Center,2209.0,NSW,Australia,10.0
20340,,,3834,,,,,,,,,,,,Bianca,Ricket,Female,59.0,1972-10-31,Compensation Analyst,Financial Services,Mass Customer,N,-0.5,Yes,11.0,57866 Dawn Plaza,3029.0,VIC,Australia,7.0
20341,,,3835,,,,,,,,,,,,Jorgan,Crosoer,Male,19.0,1959-02-02,Project Manager,,Affluent Customer,N,NIL,No,16.0,0172 Vidon Place,3183.0,VIC,Australia,6.0
20342,,,3836,,,,,,,,,,,,Jolee,Stearndale,Female,16.0,1995-01-25,Electrical Engineer,Manufacturing,Affluent Customer,N,1,Yes,7.0,89 Delaware Crossing,3754.0,VIC,Australia,6.0
20343,,,3837,,,,,,,,,,,,Alysa,McDiarmid,Female,26.0,1990-01-17,Professor,,Mass Customer,N,-100,Yes,17.0,34 Packers Trail,3168.0,VIC,Australia,10.0
20344,,,3838,,,,,,,,,,,,Mil,Clemitt,Female,59.0,1987-03-24,Sales Associate,Financial Services,Affluent Customer,N,Ì¡ÍÍÌIÍÌÌÌ¦nÍÍÍvÌ®Ì«okÌ²Ì«ÌÍiÌÍÌ­Ì¹Ì ÌnÌ¡Ì»Ì®Ì£ÌºgÌ²ÍÍÌ­ÍÌ¬Í Ì°tÍÌ¦hÌÌ²eÌ¢Ì¤ ÍÌ¬Ì²ÍfÌ´ÌÍÌ£eÍÍeÌ£Ì¥Ì©lÍÍÍiÍ ÍÍÌ¦nÍÍÌÍÌ³Ì®gÍ Ì¨oÍ¡ÍÌªfÌÌ£Ì¬ ÌÌÍÌÍÌ®cÒÍÌ«ÍÍÍÍÍhÌµÌ¤Ì£ÍÍaÍÌÌ¼ÍÍoÌ¼Ì£Ì¥sÍ¢Ì±ÍÌºÌÌ¦Ì».ÌÌ,Yes,4.0,019 Huxley Drive,3807.0,VIC,Australia,8.0
20345,,,3839,,,,,,,,,,,,Wallie,Christauffour,Female,78.0,1992-04-25,Account Executive,Manufacturing,High Net Worth,N,0/0,Yes,2.0,862 Ilene Circle,2206.0,NSW,Australia,11.0
20346,,,3840,,,,,,,,,,,,Marc,Torrans,Male,27.0,1962-09-30,,,High Net Worth,N,,No,5.0,420 Twin Pines Crossing,3338.0,VIC,Australia,3.0
20347,,,3841,,,,,,,,,,,,Barnebas,Munro,Male,64.0,1990-01-24,Desktop Support Technician,Manufacturing,Affluent Customer,N,Ì¡ÍÍÌIÍÌÌÌ¦nÍÍÍvÌ®Ì«okÌ²Ì«ÌÍiÌÍÌ­Ì¹Ì ÌnÌ¡Ì»Ì®Ì£ÌºgÌ²ÍÍÌ­ÍÌ¬Í Ì°tÍÌ¦hÌÌ²eÌ¢Ì¤ ÍÌ¬Ì²ÍfÌ´ÌÍÌ£eÍÍeÌ£Ì¥Ì©lÍÍÍiÍ ÍÍÌ¦nÍÍÌÍÌ³Ì®gÍ Ì¨oÍ¡ÍÌªfÌÌ£Ì¬ ÌÌÍÌÍÌ®cÒÍÌ«ÍÍÍÍÍhÌµÌ¤Ì£ÍÍaÍÌÌ¼ÍÍoÌ¼Ì£Ì¥sÍ¢Ì±ÍÌºÌÌ¦Ì».ÌÌ,No,10.0,5131 Northview Hill,3177.0,VIC,Australia,3.0
20348,,,3842,,,,,,,,,,,,Van,Durnell,Male,24.0,1971-07-11,Staff Accountant II,,Mass Customer,N,â©testâ©,Yes,12.0,713 Redwing Crossing,2121.0,NSW,Australia,11.0
20349,,,3843,,,,,,,,,,,,Mahmoud,Ligerton,Male,0.0,1989-06-06,Senior Financial Analyst,Financial Services,Mass Customer,N,,Yes,16.0,9570 Sundown Trail,4073.0,QLD,Australia,8.0
20350,,,3844,,,,,,,,,,,,Clotilda,Oret,Female,87.0,1987-12-06,,Manufacturing,Affluent Customer,N,ð,No,15.0,72258 Bayside Court,4211.0,QLD,Australia,7.0
20351,,,3845,,,,,,,,,,,,Bonnie,Goracci,Female,72.0,1955-06-07,Legal Assistant,Manufacturing,Mass Customer,N,Â¸ËÃâÄ±ËÃÂ¯ËÂ¿,Yes,5.0,31 Melvin Park,4163.0,QLD,Australia,8.0
20352,,,3846,,,,,,,,,,,,Nariko,McClymont,Female,57.0,1956-03-12,Geologist III,Manufacturing,Mass Customer,N,"""'",No,15.0,9 Duke Alley,4557.0,QLD,Australia,7.0
20353,,,3847,,,,,,,,,,,,Erinn,Ewing,Female,8.0,1961-02-12,Analyst Programmer,Health,Mass Customer,N,-1,Yes,14.0,38473 Waubesa Alley,2759.0,NSW,Australia,8.0
20354,,,3848,,,,,,,,,,,,Luca,Cabotto,Male,4.0,1958-01-13,Structural Engineer,,High Net Worth,N,é¨è½æ ¼,No,13.0,0056 Corry Center,2220.0,NSW,Australia,11.0
20355,,,3849,,,,,,,,,,,,Marice,Morrice,Female,2.0,1968-01-01,Database Administrator III,Property,Mass Customer,N,ã,Yes,15.0,99476 Mitchell Street,2508.0,NSW,Australia,10.0
20356,,,3850,,,,,,,,,,,,Alexandro,McCullock,Male,55.0,2000-01-07,Accountant III,,Mass Customer,N,ç°ä¸­ããã«ããã¦ä¸ãã,Yes,2.0,37 Hintze Center,4011.0,QLD,Australia,11.0
20357,,,3851,,,,,,,,,,,,Fowler,Bauduccio,Male,5.0,1994-11-30,Senior Sales Associate,Manufacturing,High Net Worth,N,() { 0; }; touch /tmp/blns.shellshock1.fail;,No,3.0,33061 Fremont Lane,4720.0,QLD,Australia,3.0
20358,,,3852,,,,,,,,,,,,Zerk,Merrien,Male,44.0,1982-02-04,Help Desk Operator,,Mass Customer,N,ð¾ ð ð ð ð ð ð ð§,No,4.0,56 Trailsway Street,4575.0,QLD,Australia,4.0
20359,,,3853,,,,,,,,,,,,Kerri,Marrington,Female,91.0,1975-06-26,Accounting Assistant IV,,Mass Customer,N,â£,Yes,19.0,5748 Porter Circle,4352.0,QLD,Australia,8.0
20360,,,3854,,,,,,,,,,,,Melody,Ivanilov,Female,47.0,1996-01-16,VP Quality Control,Property,High Net Worth,N,testâ testâ«,Yes,2.0,341 Katie Junction,4817.0,QLD,Australia,4.0
20361,,,3855,,,,,,,,,,,,Brnaby,Doughtery,Male,89.0,1965-02-26,General Manager,,Mass Customer,N,Ù¡Ù¢Ù£,No,16.0,20370 Fordem Pass,4825.0,QLD,Australia,4.0
20362,,,3856,,,,,,,,,,,,Shane,Haseldine,Female,74.0,1992-04-24,Accounting Assistant III,Property,Affluent Customer,N,"×Ö¼Ö°×¨Öµ××©×Ö´××ª, ×Ö¼Ö¸×¨Ö¸× ×Ö±×Ö¹×Ö´××, ×Öµ×ª ×Ö·×©Ö¼×Ö¸×Ö·×Ö´×, ×Ö°×Öµ×ª ×Ö¸×Ö¸×¨Ö¶×¥",No,7.0,30 Prairie Rose Road,2761.0,NSW,Australia,7.0
20363,,,3857,,,,,,,,,,,,Tanner,McCuthais,Male,64.0,1985-11-26,Structural Engineer,Financial Services,Mass Customer,N,ð¾ ð ð ð ð ð ð ð§,Yes,10.0,79 Holy Cross Hill,2145.0,NSW,Australia,7.0
20364,,,3858,,,,,,,,,,,,Sabina,Tarbin,Female,57.0,1998-08-31,Librarian,Entertainment,Mass Customer,N,â£,Yes,1.0,6489 Pennsylvania Road,2164.0,NSW,Australia,9.0
20365,,,3859,,,,,,,,,,,,Boonie,Searle,Male,81.0,1956-03-20,Software Consultant,Manufacturing,Mass Customer,N,,No,14.0,274 Bultman Park,2566.0,NSW,Australia,7.0
20366,,,3860,,,,,,,,,,,,Sheila-kathryn,Conklin,Female,14.0,1986-04-05,Mechanical Systems Engineer,,Affluent Customer,N,ã,Yes,13.0,832 Moulton Trail,2560.0,NSW,Australia,8.0
20367,,,3861,,,,,,,,,,,,Thayne,Canepe,Male,87.0,1968-12-16,Junior Executive,Retail,Affluent Customer,N,â¦testâ§,No,9.0,1628 Bonner Hill,2480.0,NSW,Australia,3.0
20368,,,3862,,,,,,,,,,,,Casey,Kett,Female,1.0,1996-09-22,Structural Engineer,Health,Mass Customer,N,,No,4.0,0618 5th Place,3189.0,VIC,Australia,10.0
20369,,,3863,,,,,,,,,,,,Virgilio,Haverty,Male,30.0,1985-12-06,Quality Control Specialist,Retail,High Net Worth,N,,No,20.0,4662 Clemons Road,4270.0,QLD,Australia,8.0
20370,,,3864,,,,,,,,,,,,Ilyssa,Piaggia,Female,23.0,1963-08-27,Help Desk Technician,,Mass Customer,N,",./;'[]\-=",Yes,10.0,0 Arapahoe Court,4305.0,QLD,Australia,3.0
20371,,,3865,,,,,,,,,,,,Urbanus,Fuxman,Male,49.0,1978-03-15,,Manufacturing,Mass Customer,N,<svg><script>0<1>alert('XSS')</script>,Yes,11.0,3748 Lake View Lane,2590.0,NSW,Australia,1.0
20372,,,3866,,,,,,,,,,,,Theressa,Morfield,Female,56.0,1990-07-18,Structural Engineer,Health,Mass Customer,N,ï¾ï½¥â¿ã¾â²(ï½¡ââ¿âï½¡)â±â¿ï½¥ï¾,Yes,9.0,3720 Anniversary Court,4812.0,QLD,Australia,2.0
20373,,,3867,,,,,,,,,,,,Carmelia,Klimentyonok,Female,14.0,1998-10-09,Geologist II,IT,Mass Customer,N,ã½à¼¼àºÙÍàºà¼½ï¾ ã½à¼¼àºÙÍàºà¼½ï¾,Yes,1.0,85 Trailsway Road,3175.0,VIC,Australia,9.0
20374,,,3868,,,,,,,,,,,,Rica,Corrado,Female,60.0,1997-06-19,Social Worker,Health,Affluent Customer,N,ì¬íê³¼íì ì´íì°êµ¬ì,Yes,4.0,388 Karstens Drive,2428.0,NSW,Australia,5.0
20375,,,3869,,,,,,,,,,,,Amalie,Isabell,Female,58.0,1974-12-22,Analog Circuit Design manager,Manufacturing,Affluent Customer,N,,No,13.0,6 Swallow Park,2165.0,NSW,Australia,7.0
20376,,,3870,,,,,,,,,,,,Fidelia,Cess,Female,31.0,1984-10-13,Social Worker,Health,Mass Customer,N,â°â´âµ,No,5.0,80070 Mockingbird Center,2289.0,NSW,Australia,8.0
20377,,,3871,,,,,,,,,,,,Magda,Shugg,Female,80.0,1983-11-13,Recruiting Manager,,Mass Customer,N,../../../../../../../../../../../etc/hosts,No,4.0,6 Veith Road,4118.0,QLD,Australia,4.0
20378,,,3872,,,,,,,,,,,,Wilma,Budcock,Female,14.0,1957-05-15,Sales Representative,Retail,High Net Worth,N,<img src=x onerror=alert('hi') />,Yes,12.0,1323 Maywood Plaza,2226.0,NSW,Australia,10.0
20379,,,3873,,,,,,,,,,,,Sascha,Paolozzi,Male,32.0,1978-12-05,Compensation Analyst,Financial Services,Mass Customer,N,ËÉnbá´lÉ ÉuÆÉÉ¯ ÇÉ¹olop ÊÇ ÇÉ¹oqÉl Ên Êunpá´pá´Éuá´ É¹odÉ¯ÇÊ poÉ¯sná´Ç op pÇs 'Êá´lÇ Æuá´Ésá´dá´pÉ É¹nÊÇÊÉÇsuoÉ 'ÊÇÉ¯É Êá´s É¹olop É¯nsdá´ É¯ÇÉ¹oË¥,No,11.0,17504 Spohn Center,2756.0,NSW,Australia,9.0
20380,,,3874,,,,,,,,,,,,Bendicty,Juste,Male,47.0,1963-08-14,Actuary,Financial Services,Mass Customer,N,,No,19.0,02084 Rockefeller Crossing,2150.0,NSW,Australia,7.0
20381,,,3875,,,,,,,,,,,,Berti,Arnould,Male,2.0,1985-07-27,Electrical Engineer,Manufacturing,Mass Customer,N,,Yes,5.0,16 Montana Way,2478.0,NSW,Australia,7.0
20382,,,3876,,,,,,,,,,,,Willow,Cutmere,Female,22.0,1967-05-16,Internal Auditor,Financial Services,High Net Worth,N,ì¬íê³¼íì ì´íì°êµ¬ì,No,16.0,2 Victoria Crossing,3280.0,VIC,Australia,2.0
20383,,,3877,,,,,,,,,,,,Georgine,Poutress,Female,55.0,1971-01-28,Account Coordinator,,High Net Worth,N,ZÌ®ÌÍÌ ÍÍAÌ¥ÌÌÍÌ»ÌLÌ£ÍÍÌ¯Ì¹ÌÍGÌ»OÌ­ÌÌ®,No,11.0,0733 Comanche Crossing,2304.0,NSW,Australia,6.0
20384,,,3878,,,,,,,,,,,,Waldon,Digges,Male,99.0,1978-02-24,Programmer III,,Mass Customer,N,ï¾ï½¥â¿ã¾â²(ï½¡ââ¿âï½¡)â±â¿ï½¥ï¾,No,9.0,75322 Prentice Court,3046.0,VIC,Australia,9.0
20385,,,3879,,,,,,,,,,,,Vin,Attack,Male,74.0,1979-08-28,Payment Adjustment Coordinator,,High Net Worth,N,Â¸ËÃâÄ±ËÃÂ¯ËÂ¿,No,19.0,2 Gerald Street,2071.0,NSW,Australia,11.0
20386,,,3880,,,,,,,,,,,,Donella,Disley,Female,77.0,1968-01-13,Web Designer I,Manufacturing,Mass Customer,N,ï¼ï¼ï¼,No,14.0,2079 Del Sol Hill,2761.0,NSW,Australia,8.0
20387,,,3881,,,,,,,,,,,,Olivie,Nazair,Female,50.0,1971-01-12,,Financial Services,Affluent Customer,N,ãã¼ãã£ã¼ã¸è¡ããªãã,No,18.0,9 Columbus Pass,2327.0,NSW,Australia,3.0
20388,,,3882,,,,,,,,,,,,Nona,Tubb,Female,18.0,1976-11-05,Human Resources Assistant III,Health,Mass Customer,N,ð©ð½,Yes,9.0,465 Russell Court,2282.0,NSW,Australia,9.0
20389,,,3883,,,,,,,,,,,,Nissa,Conrad,U,35.0,,Legal Assistant,IT,Mass Customer,N,,No,0.0,344 Dayton Drive,2148.0,NSW,Australia,9.0
20390,,,3884,,,,,,,,,,,,Sibley,Thirlwall,Female,69.0,1986-02-06,Web Designer II,Manufacturing,High Net Worth,N,"__ï¾(,_,*)",Yes,18.0,7 Beilfuss Center,2550.0,NSW,Australia,4.0
20391,,,3885,,,,,,,,,,,,Asher,,Male,55.0,1978-06-17,Actuary,Financial Services,Mass Customer,N,"×Ö¼Ö°×¨Öµ××©×Ö´××ª, ×Ö¼Ö¸×¨Ö¸× ×Ö±×Ö¹×Ö´××, ×Öµ×ª ×Ö·×©Ö¼×Ö¸×Ö·×Ö´×, ×Ö°×Öµ×ª ×Ö¸×Ö¸×¨Ö¶×¥",Yes,8.0,78 Barnett Alley,2154.0,NSW,Australia,11.0
20392,,,3886,,,,,,,,,,,,Fidela,Haresign,Female,74.0,1996-03-26,Recruiting Manager,Manufacturing,Affluent Customer,N,ÌÌºÍÌ¹Ì¯ÍTÌ±Ì¤ÍÌ¥ÍÍhÍÌ²eÍÍÌ¼ÌÌÌ¼Ì£Í ÍÌÌ±Ì ÍÍÍNÍ ÍeÌÌ±zÌÌÌÌºÍpÌ¤ÌºÌ¹ÍÌ¯ÍeÍÌ Ì»Ì rÌ¨Ì¤ÍÌºÌÍÌÌdÍÌ ÌÌ­Ì¬ÌiÌ¦ÍÌ©ÍÍÌ¤aÌ ÌÌ¬ÍÌnÍÍ Ì»ÌÌ°ÍÍhÌµÍiÌ³ÌvÌ¢ÍeÍÌ­Í-ÒÌ­Ì©Ì¼ÍmÌ¤Ì­Ì«iÍÍÌÌ¦nÌÍdÌ£Ì ÍÌ¯Ì²ÍoÌ¨ÌÌ¯Ì°Ì²,No,5.0,4 Emmet Avenue,4300.0,QLD,Australia,1.0
20393,,,3887,,,,,,,,,,,,Dulcie,Nealon,Female,66.0,1964-07-16,Computer Systems Analyst IV,,Affluent Customer,N,ÅâÂ´â°ËÃÂ¨ËÃâââ,No,7.0,1728 Springview Lane,4509.0,QLD,Australia,6.0
20394,,,3888,,,,,,,,,,,,Lusa,Vigers,Female,4.0,1987-09-13,Programmer Analyst I,IT,High Net Worth,N,â°â´âµâââ,Yes,11.0,25413 Delaware Pass,3150.0,VIC,Australia,12.0
20395,,,3889,,,,,,,,,,,,Dunn,Ziem,Male,39.0,1975-08-09,General Manager,Retail,Affluent Customer,N,â«testâ«,No,18.0,23217 Waubesa Pass,2705.0,NSW,Australia,1.0
20396,,,3890,,,,,,,,,,,,Mavra,Padell,Female,72.0,1962-05-25,Physical Therapy Assistant,Retail,Mass Customer,N,,No,10.0,013 Mendota Parkway,2558.0,NSW,Australia,9.0
20397,,,3891,,,,,,,,,,,,Amalea,Elcy,Female,61.0,1977-08-01,Staff Accountant II,Retail,High Net Worth,N,âââ,Yes,7.0,7482 Hanson Park,2567.0,NSW,Australia,5.0
20398,,,3892,,,,,,,,,,,,Roma,Finlater,Male,19.0,1978-01-29,Staff Scientist,,Mass Customer,N,"'""''''""",Yes,15.0,2428 Sloan Circle,2763.0,NSW,Australia,9.0
20399,,,3893,,,,,,,,,,,,Hadria,Moles,Female,7.0,1996-11-18,,,High Net Worth,N,â«testâ«,Yes,4.0,34329 Heffernan Plaza,3178.0,VIC,Australia,7.0
20400,,,3894,,,,,,,,,,,,Burgess,Diaper,Male,70.0,1982-02-02,Health Coach II,IT,Affluent Customer,N,100,No,10.0,15 Duke Plaza,3013.0,VIC,Australia,8.0
20401,,,3895,,,,,,,,,,,,Reginald,Struys,Male,18.0,1994-09-06,Business Systems Development Analyst,IT,Affluent Customer,N,â«testâ«,Yes,2.0,4368 Dayton Street,2753.0,NSW,Australia,10.0
20402,,,3896,,,,,,,,,,,,Perla,Blakiston,Female,3.0,1979-10-15,Tax Accountant,,Mass Customer,N,â¦testâ§,Yes,13.0,3 Shasta Circle,2165.0,NSW,Australia,8.0
20403,,,3897,,,,,,,,,,,,Vanni,McAloren,Female,36.0,1967-06-24,Junior Executive,Manufacturing,High Net Worth,N,00ËÆ$-,Yes,5.0,6 Calypso Parkway,4161.0,QLD,Australia,5.0
20404,,,3898,,,,,,,,,,,,Demetrius,Youdell,Male,91.0,1958-12-27,Registered Nurse,Health,Mass Customer,N,"__ï¾(,_,*)",No,6.0,2 Cambridge Point,3173.0,VIC,Australia,9.0
20405,,,3899,,,,,,,,,,,,Rex,Gittings,Male,23.0,1955-12-28,Research Associate,Health,Affluent Customer,N,1,Yes,6.0,55876 Knutson Point,3057.0,VIC,Australia,6.0
20406,,,3900,,,,,,,,,,,,Garland,Wildsmith,Female,78.0,1986-09-01,GIS Technical Architect,Financial Services,Mass Customer,N,"<>?:""{}|_+",Yes,3.0,14 Bunting Alley,2073.0,NSW,Australia,12.0
20407,,,3901,,,,,,,,,,,,Evelina,Bavin,Female,98.0,1974-05-14,Marketing Manager,Argiculture,High Net Worth,N,() { 0; }; touch /tmp/blns.shellshock1.fail;,No,12.0,8458 Stang Parkway,2671.0,NSW,Australia,2.0
20408,,,3902,,,,,,,,,,,,Angelia,McPake,Female,2.0,1961-02-11,Payment Adjustment Coordinator,Manufacturing,Affluent Customer,N,"""'",No,9.0,60 Towne Pass,2877.0,NSW,Australia,1.0
20409,,,3903,,,,,,,,,,,,Dayna,Cawthera,Female,69.0,1981-02-13,Research Assistant III,,Mass Customer,N,â«testâ«,Yes,17.0,5 Rutledge Center,4311.0,QLD,Australia,3.0
20410,,,3904,,,,,,,,,,,,Arabelle,Nevill,Female,15.0,1977-12-17,Sales Representative,Retail,Affluent Customer,N,",./;'[]\-=",No,7.0,9 Blaine Place,3756.0,VIC,Australia,4.0
20411,,,3905,,,,,,,,,,,,Leodora,Cowill,Female,72.0,1967-10-22,Product Engineer,Argiculture,High Net Worth,N,ZÌ®ÌÍÌ ÍÍAÌ¥ÌÌÍÌ»ÌLÌ£ÍÍÌ¯Ì¹ÌÍGÌ»OÌ­ÌÌ®,No,5.0,24688 Hollow Ridge Way,3064.0,VIC,Australia,7.0
20412,,,3906,,,,,,,,,,,,Bronny,Claige,Male,87.0,1982-01-29,Cost Accountant,Financial Services,High Net Worth,N,Â¡â¢Â£Â¢âÂ§Â¶â¢ÂªÂºââ ,No,13.0,32876 American Ash Avenue,2099.0,NSW,Australia,11.0
20413,,,3907,,,,,,,,,,,,Adriana,Heam,Female,8.0,1996-01-11,Technical Writer,,High Net Worth,N,../../../../../../../../../../../etc/hosts,Yes,5.0,18 Bay Place,2176.0,NSW,Australia,9.0
20414,,,3908,,,,,,,,,,,,Dolf,Serridge,Male,64.0,1999-06-09,Junior Executive,Health,High Net Worth,N,,No,1.0,4 Hanover Junction,3192.0,VIC,Australia,10.0
20415,,,3909,,,,,,,,,,,,Micheil,McGeorge,Male,1.0,1987-10-04,,Manufacturing,High Net Worth,N,â°â´âµâââ,Yes,18.0,0 Darwin Junction,2747.0,NSW,Australia,9.0
20416,,,3910,,,,,,,,,,,,Hall,Leyfield,Male,38.0,1980-09-10,VP Sales,IT,Mass Customer,N,ðµ ð ð ð,No,10.0,5251 Merrick Court,3103.0,VIC,Australia,8.0
20417,,,3911,,,,,,,,,,,,Valeda,Ezele,Female,81.0,1954-05-25,Recruiting Manager,,Mass Customer,N,1,No,5.0,801 Shasta Crossing,2539.0,NSW,Australia,8.0
20418,,,3912,,,,,,,,,,,,Ryon,Darridon,Male,89.0,1986-10-27,Social Worker,Health,Affluent Customer,N,1,No,22.0,55 Anzinger Drive,4152.0,QLD,Australia,9.0
20419,,,3913,,,,,,,,,,,,Phylys,Neenan,Female,11.0,1959-12-29,Community Outreach Specialist,Retail,Mass Customer,N,(ï¾à²¥çà²¥ï¼ï¾ï»¿ â»ââ»,Yes,6.0,13768 Commercial Trail,2155.0,NSW,Australia,10.0
20420,,,3914,,,,,,,,,,,,Izabel,Roelofs,Female,79.0,1988-05-21,Assistant Manager,Entertainment,Affluent Customer,N,ï½ï½¨(Â´âï½â©,Yes,22.0,109 Kipling Road,2156.0,NSW,Australia,11.0
20421,,,3915,,,,,,,,,,,,Cybil,Brombell,Female,17.0,1959-06-23,Statistician I,Financial Services,Affluent Customer,N,ðµ ð ð ð,No,15.0,47 Spenser Circle,2770.0,NSW,Australia,7.0
20422,,,3916,,,,,,,,,,,,Myrtia,,Female,31.0,1958-10-17,,Retail,Affluent Customer,N,"Ø«Ù ÙÙØ³ Ø³ÙØ·Øª ÙØ¨Ø§ÙØªØ­Ø¯ÙØ¯Ø, Ø¬Ø²ÙØ±ØªÙ Ø¨Ø§Ø³ØªØ®Ø¯Ø§Ù Ø£Ù Ø¯ÙÙ. Ø¥Ø° ÙÙØ§Ø Ø§ÙØ³ØªØ§Ø± ÙØªÙØµÙØ¨ ÙØ§Ù. Ø£ÙÙÙ Ø§ÙØ·Ø§ÙÙØ§Ø Ø¨Ø±ÙØ·Ø§ÙÙØ§-ÙØ±ÙØ³Ø§ ÙØ¯ Ø£Ø®Ø°. Ø³ÙÙÙØ§ÙØ Ø¥ØªÙØ§ÙÙØ© Ø¨ÙÙ ÙØ§, ÙØ°ÙØ± Ø",Yes,17.0,15051 Monterey Street,2756.0,NSW,Australia,8.0
20423,,,3917,,,,,,,,,,,,Artemas,Kyncl,Male,79.0,1997-12-26,Chemical Engineer,Manufacturing,Mass Customer,N,-0.5,No,4.0,7365 Carioca Hill,4680.0,QLD,Australia,4.0
20424,,,3918,,,,,,,,,,,,Rosalia,Skedge,Female,52.0,1977-07-05,Junior Executive,,High Net Worth,N,á ,No,18.0,42 Maryland Plaza,2486.0,NSW,Australia,5.0
20425,,,3919,,,,,,,,,,,,Traci,Beeckx,Female,38.0,1963-07-30,Cost Accountant,Financial Services,High Net Worth,N,1'; DROP TABLE users--,No,18.0,802 Bashford Hill,3150.0,VIC,Australia,10.0
20426,,,3920,,,,,,,,,,,,Filbert,Deetlefs,Male,90.0,1961-01-21,Environmental Specialist,Telecommunications,Mass Customer,N,Â¡â¢Â£Â¢âÂ§Â¶â¢ÂªÂºââ ,Yes,9.0,12548 Eagan Court,2768.0,NSW,Australia,9.0
20427,,,3921,,,,,,,,,,,,Gaby,Lozano,Female,93.0,1976-03-09,Mechanical Systems Engineer,Manufacturing,High Net Worth,N,2018-02-01 00:00:00,No,10.0,24167 Montana Place,2065.0,NSW,Australia,12.0
20428,,,3922,,,,,,,,,,,,Frans,Whitecross,Male,90.0,1981-05-29,Tax Accountant,Financial Services,Mass Customer,N,,Yes,3.0,0 Southridge Drive,4311.0,QLD,Australia,1.0
20429,,,3923,,,,,,,,,,,,Shay,Rayer,Male,90.0,1978-01-04,Product Engineer,Financial Services,High Net Worth,N,"''''""",No,16.0,1 Banding Way,4218.0,QLD,Australia,8.0
20430,,,3924,,,,,,,,,,,,Perry,Lampert,Male,72.0,1976-07-03,Editor,Property,High Net Worth,N,() { 0; }; touch /tmp/blns.shellshock1.fail;,Yes,10.0,259 Union Junction,3107.0,VIC,Australia,10.0
20431,,,3925,,,,,,,,,,,,Cally,Chaim,Female,81.0,1978-11-25,Statistician I,,High Net Worth,N,,No,7.0,7727 Merrick Parkway,2099.0,NSW,Australia,11.0
20432,,,3926,,,,,,,,,,,,Allistir,Heckney,Male,24.0,1954-09-04,Account Executive,Manufacturing,Mass Customer,N,ï¾ï½¥â¿ã¾â²(ï½¡ââ¿âï½¡)â±â¿ï½¥ï¾,Yes,18.0,3015 Bowman Alley,2777.0,NSW,Australia,9.0
20433,,,3927,,,,,,,,,,,,Conway,,Male,29.0,1978-01-07,Electrical Engineer,Manufacturing,Mass Customer,N,Ã¥ÃâÆÂ©ËâËÂ¬â¦Ã¦,Yes,7.0,2 Annamark Park,2170.0,NSW,Australia,9.0
20434,,,3928,,,,,,,,,,,,Kristin,Way,Female,71.0,1982-04-16,,Property,Affluent Customer,N,"""'",Yes,6.0,38 Steensland Circle,2234.0,NSW,Australia,10.0
20435,,,3929,,,,,,,,,,,,Jacqui,Fortnam,Female,50.0,1989-10-18,,,Affluent Customer,N,Â¸ËÃâÄ±ËÃÂ¯ËÂ¿,Yes,10.0,80 Northland Place,4178.0,QLD,Australia,8.0
20436,,,3930,,,,,,,,,,,,Blancha,Baldi,Female,43.0,1988-01-06,,Financial Services,High Net Worth,N,(â¯Â°â¡Â°ï¼â¯ï¸µ â»ââ»),No,22.0,104 Kingsford Park,2154.0,NSW,Australia,9.0
20437,,,3931,,,,,,,,,,,,Kylie,Epine,U,19.0,,,IT,High Net Worth,N,,Yes,0.0,22 Mifflin Junction,2096.0,NSW,Australia,9.0
20438,,,3932,,,,,,,,,,,,Hadley,Veracruysse,Male,85.0,1986-07-10,Senior Editor,Financial Services,Mass Customer,N,ã»(ï¿£âï¿£)ã»:*:,No,11.0,60272 Montana Drive,2223.0,NSW,Australia,8.0
20439,,,3933,,,,,,,,,,,,Chiarra,Cops,Female,65.0,1983-07-05,,,High Net Worth,N,100,Yes,10.0,730 Judy Drive,3939.0,VIC,Australia,2.0
20440,,,3934,,,,,,,,,,,,Cherice,Wehner,Female,38.0,1977-11-25,Sales Associate,Manufacturing,Mass Customer,N,ZÌ®ÌÍÌ ÍÍAÌ¥ÌÌÍÌ»ÌLÌ£ÍÍÌ¯Ì¹ÌÍGÌ»OÌ­ÌÌ®,Yes,16.0,1269 Esch Parkway,4078.0,QLD,Australia,6.0
20441,,,3935,,,,,,,,,,,,Teodor,Alfonsini,U,72.0,,,IT,High Net Worth,N,,Yes,0.0,3 Kedzie Center,3106.0,VIC,Australia,10.0
20442,,,3936,,,,,,,,,,,,Rodd,Spare,Male,57.0,1960-05-04,Paralegal,Financial Services,Affluent Customer,N,ZÌ®ÌÍÌ ÍÍAÌ¥ÌÌÍÌ»ÌLÌ£ÍÍÌ¯Ì¹ÌÍGÌ»OÌ­ÌÌ®,Yes,16.0,67473 Nova Avenue,3089.0,VIC,Australia,10.0
20443,,,3937,,,,,,,,,,,,Brennen,Mularkey,Male,81.0,1978-06-07,Tax Accountant,Property,Mass Customer,N,â¡,No,12.0,866 Canary Drive,2750.0,NSW,Australia,8.0
20444,,,3938,,,,,,,,,,,,Dulcy,Wormleighton,Female,25.0,1973-08-06,Account Executive,Financial Services,High Net Worth,N,é¨è½æ ¼,Yes,9.0,20 Dwight Junction,2768.0,NSW,Australia,10.0
20445,,,3939,,,,,,,,,,,,Georges,Dumbelton,Male,67.0,1981-06-25,,Manufacturing,Affluent Customer,N,âââ,No,15.0,0900 Northport Point,2085.0,NSW,Australia,11.0
20446,,,3940,,,,,,,,,,,,Anna,Warmington,Female,9.0,1977-11-18,Sales Representative,Retail,Mass Customer,N,0,No,9.0,572 Buena Vista Plaza,2111.0,NSW,Australia,9.0
20447,,,3941,,,,,,,,,,,,Cinnamon,Batram,Female,27.0,1978-05-03,Technical Writer,Manufacturing,Mass Customer,N,",./;'[]\-=",Yes,11.0,695 Anthes Crossing,4350.0,QLD,Australia,2.0
20448,,,3942,,,,,,,,,,,,Barbie,Gergler,Female,82.0,1965-04-02,Administrative Officer,Manufacturing,Mass Customer,N,Ù¡Ù¢Ù£,No,12.0,62 Luster Avenue,2036.0,NSW,Australia,11.0
20449,,,3943,,,,,,,,,,,,Adler,Dredge,Male,19.0,1997-12-30,VP Accounting,Financial Services,Affluent Customer,N,100,No,2.0,819 Basil Plaza,4053.0,QLD,Australia,8.0
20450,,,3944,,,,,,,,,,,,Urbain,Sinnock,Male,28.0,1973-05-04,Engineer III,IT,Affluent Customer,N,âð¿ ðªð¿ ðð¿ ðð¿ ðð¿ ðð¿,No,3.0,81 Monument Avenue,2126.0,NSW,Australia,12.0
20451,,,3945,,,,,,,,,,,,Lazarus,Donaghy,Male,77.0,1994-10-21,,Retail,High Net Worth,N,1000000000000000049861653971908893017010268485438462151574892930611988399099305815384459015356416,No,7.0,093 Mallard Hill,4034.0,QLD,Australia,7.0
20452,,,3946,,,,,,,,,,,,Wylie,FitzGilbert,Male,85.0,1960-06-23,,Retail,High Net Worth,N,âð¿ ðªð¿ ðð¿ ðð¿ ðð¿ ðð¿,Yes,10.0,903 Sauthoff Plaza,2565.0,NSW,Australia,8.0
20453,,,3947,,,,,,,,,,,,Tanitansy,McTrustam,Female,26.0,1970-05-12,GIS Technical Architect,,Mass Customer,N,ï½ï½¨(Â´âï½â©,No,12.0,9796 Pearson Hill,2223.0,NSW,Australia,4.0
20454,,,3948,,,,,,,,,,,,Roberto,Beinke,Male,44.0,1986-06-22,Occupational Therapist,Health,Mass Customer,N,â¦testâ§,No,13.0,950 Algoma Circle,3108.0,VIC,Australia,9.0
20455,,,3949,,,,,,,,,,,,Costa,Sleightholm,Male,24.0,2001-12-19,Web Designer IV,Manufacturing,High Net Worth,N,-0.5,Yes,1.0,28 Toban Center,3756.0,VIC,Australia,2.0
20456,,,3950,,,,,,,,,,,,Alic,Juniper,Male,72.0,1968-09-07,Senior Financial Analyst,Financial Services,High Net Worth,N,00ËÆ$-,Yes,12.0,147 Brickson Park Drive,4017.0,QLD,Australia,7.0
20457,,,3951,,,,,,,,,,,,Ephrem,Hollerin,Male,39.0,1975-02-10,Quality Control Specialist,,Affluent Customer,N,ãã¼ãã£ã¼ã¸è¡ããªãã,Yes,9.0,75251 Marquette Lane,4122.0,QLD,Australia,7.0
20458,,,3952,,,,,,,,,,,,Di,Borsnall,Female,96.0,1968-05-09,,Manufacturing,Affluent Customer,N,ÅâÂ´Â®â Â¥Â¨ËÃ¸Ïââ,No,10.0,72 Briar Crest Hill,3148.0,VIC,Australia,10.0
20459,,,3953,,,,,,,,,,,,Allyson,Simak,Female,79.0,1999-06-18,Help Desk Operator,Health,Affluent Customer,N,Ì¡ÍÍÌIÍÌÌÌ¦nÍÍÍvÌ®Ì«okÌ²Ì«ÌÍiÌÍÌ­Ì¹Ì ÌnÌ¡Ì»Ì®Ì£ÌºgÌ²ÍÍÌ­ÍÌ¬Í Ì°tÍÌ¦hÌÌ²eÌ¢Ì¤ ÍÌ¬Ì²ÍfÌ´ÌÍÌ£eÍÍeÌ£Ì¥Ì©lÍÍÍiÍ ÍÍÌ¦nÍÍÌÍÌ³Ì®gÍ Ì¨oÍ¡ÍÌªfÌÌ£Ì¬ ÌÌÍÌÍÌ®cÒÍÌ«ÍÍÍÍÍhÌµÌ¤Ì£ÍÍaÍÌÌ¼ÍÍoÌ¼Ì£Ì¥sÍ¢Ì±ÍÌºÌÌ¦Ì».ÌÌ,Yes,2.0,201 Valley Edge Park,3030.0,VIC,Australia,5.0
20460,,,3954,,,,,,,,,,,,Archaimbaud,McAteer,Male,63.0,2000-02-03,Human Resources Assistant III,Financial Services,High Net Worth,N,-100,No,2.0,6031 Susan Terrace,4118.0,QLD,Australia,5.0
20461,,,3955,,,,,,,,,,,,Dido,Austick,Female,87.0,1970-08-05,Geologist II,Argiculture,Mass Customer,N,-1,Yes,7.0,724 Erie Way,3500.0,VIC,Australia,2.0
20462,,,3956,,,,,,,,,,,,Hector,Poundsford,Male,54.0,1957-01-17,Administrative Assistant III,Retail,Mass Customer,N,ÅâÂ´Â®â Â¥Â¨ËÃ¸Ïââ,Yes,12.0,86906 Hauk Trail,4163.0,QLD,Australia,8.0
20463,,,3957,,,,,,,,,,,,Bernice,Scotchforth,Female,4.0,1978-07-20,Business Systems Development Analyst,,High Net Worth,N,Ì¡ÍÍÌIÍÌÌÌ¦nÍÍÍvÌ®Ì«okÌ²Ì«ÌÍiÌÍÌ­Ì¹Ì ÌnÌ¡Ì»Ì®Ì£ÌºgÌ²ÍÍÌ­ÍÌ¬Í Ì°tÍÌ¦hÌÌ²eÌ¢Ì¤ ÍÌ¬Ì²ÍfÌ´ÌÍÌ£eÍÍeÌ£Ì¥Ì©lÍÍÍiÍ ÍÍÌ¦nÍÍÌÍÌ³Ì®gÍ Ì¨oÍ¡ÍÌªfÌÌ£Ì¬ ÌÌÍÌÍÌ®cÒÍÌ«ÍÍÍÍÍhÌµÌ¤Ì£ÍÍaÍÌÌ¼ÍÍoÌ¼Ì£Ì¥sÍ¢Ì±ÍÌºÌÌ¦Ì».ÌÌ,Yes,14.0,85999 Cherokee Street,2086.0,NSW,Australia,11.0
20464,,,3958,,,,,,,,,,,,Pincus,Woodard,Male,8.0,1970-04-27,Actuary,Financial Services,Affluent Customer,N,1;DROP TABLE users,Yes,16.0,50774 Dennis Park,3631.0,VIC,Australia,3.0
20465,,,3959,,,,,,,,,,,,Dannie,Sowray,Male,76.0,1992-12-07,,,Mass Customer,N,ZÌ®ÌÍÌ ÍÍAÌ¥ÌÌÍÌ»ÌLÌ£ÍÍÌ¯Ì¹ÌÍGÌ»OÌ­ÌÌ®,No,3.0,64 Trailsway Place,3802.0,VIC,Australia,7.0
20466,,,3960,,,,,,,,,,,,Hobart,Burgan,Male,6.0,2000-03-16,,Property,Mass Customer,N,ðµ ð ð ð,No,1.0,95228 Forster Road,3085.0,VIC,Australia,9.0
20467,,,3961,,,,,,,,,,,,Gertie,Caser,Female,11.0,1992-07-05,Recruiter,Health,High Net Worth,N,ÅâÂ´Â®â Â¥Â¨ËÃ¸Ïââ,Yes,5.0,388 Shoshone Trail,2234.0,NSW,Australia,10.0
20468,,,3962,,,,,,,,,,,,Benoit,,Male,17.0,1977-10-06,Project Manager,Argiculture,High Net Worth,N,",ãã»:*:ã»ãâ( â» Ï â» )ãã»:*:ã»ãâ",Yes,14.0,67 Lakewood Gardens Circle,2506.0,NSW,Australia,7.0
20469,,,3963,,,,,,,,,,,,Ardelle,Dasent,Female,10.0,1954-08-22,Software Test Engineer II,,Mass Customer,N,../../../../../../../../../../../etc/passwd%00,No,13.0,98 Transport Plaza,2470.0,NSW,Australia,2.0
20470,,,3964,,,,,,,,,,,,Aubrey,Souten,Female,28.0,1956-07-21,Sales Associate,Manufacturing,High Net Worth,N,,No,5.0,35 Larry Plaza,2093.0,NSW,Australia,9.0
20471,,,3965,,,,,,,,,,,,Susannah,Dumphy,Female,39.0,1984-07-24,Speech Pathologist,Manufacturing,Mass Customer,N,,Yes,13.0,9 Hooker Street,2770.0,NSW,Australia,7.0
20472,,,3966,,,,,,,,,,,,Astrix,Sigward,Female,53.0,1968-09-15,Geologist I,,Mass Customer,N,Ã¥ÃâÆÂ©ËâËÂ¬â¦Ã¦,Yes,11.0,4 Debra Hill,3106.0,VIC,Australia,10.0
20473,,,3967,,,,,,,,,,,,Lillis,Dobrowolski,Female,90.0,1978-04-18,Senior Editor,Manufacturing,Affluent Customer,N,ÌÌºÍÌ¹Ì¯ÍTÌ±Ì¤ÍÌ¥ÍÍhÍÌ²eÍÍÌ¼ÌÌÌ¼Ì£Í ÍÌÌ±Ì ÍÍÍNÍ ÍeÌÌ±zÌÌÌÌºÍpÌ¤ÌºÌ¹ÍÌ¯ÍeÍÌ Ì»Ì rÌ¨Ì¤ÍÌºÌÍÌÌdÍÌ ÌÌ­Ì¬ÌiÌ¦ÍÌ©ÍÍÌ¤aÌ ÌÌ¬ÍÌnÍÍ Ì»ÌÌ°ÍÍhÌµÍiÌ³ÌvÌ¢ÍeÍÌ­Í-ÒÌ­Ì©Ì¼ÍmÌ¤Ì­Ì«iÍÍÌÌ¦nÌÍdÌ£Ì ÍÌ¯Ì²ÍoÌ¨ÌÌ¯Ì°Ì²,No,7.0,41 Superior Crossing,2747.0,NSW,Australia,8.0
20474,,,3968,,,,,,,,,,,,Alexandra,Kroch,Female,99.0,1977-12-22,,Property,High Net Worth,N,ï¾ï½¥â¿ã¾â²(ï½¡ââ¿âï½¡)â±â¿ï½¥ï¾,No,22.0,721 Morrow Plaza,2069.0,NSW,Australia,12.0
20475,,,3969,,,,,,,,,,,,Randee,Penchen,Female,93.0,1977-07-16,Accountant II,Manufacturing,Affluent Customer,N,() { 0; }; touch /tmp/blns.shellshock1.fail;,Yes,10.0,8578 Mifflin Pass,2170.0,NSW,Australia,5.0
20476,,,3970,,,,,,,,,,,,Modesty,Storks,Female,73.0,1969-11-27,Sales Representative,Retail,High Net Worth,N,2018-02-01 00:00:00,Yes,12.0,02 Fair Oaks Lane,3977.0,VIC,Australia,7.0
20477,,,3971,,,,,,,,,,,,Analise,Asbrey,Female,2.0,1979-01-14,Desktop Support Technician,Financial Services,High Net Worth,N,,No,16.0,910 Becker Pass,2526.0,NSW,Australia,8.0
20478,,,3972,,,,,,,,,,,,Maribelle,Schaffel,Female,6.0,1979-03-28,,Retail,Mass Customer,N,Ì¦HÍÌ¬Ì¤ÌÌ¤eÍ ÍÌÌ¥ÌÌ»ÍÌwÌhÌÌ¯ÍoÌÍÌÍÌ±Ì® ÒÌºÌÌÌÍWÌ·Ì¼Ì­aÌºÌªÍiÌ¨ÍÍÌ­ÍÌ¯ÌtÌ¶Ì¼Ì®sÌÌÍÍ Ì Ì«Ì BÌ»ÍÍÍÍÌ³eÌµhÌµÌ¬ÍÌ«ÍiÌÌ¹ÍÌ³Ì³Ì®ÍÌ«nÍdÌ´ÌªÌÌ ÍÌ°ÍÌ©ÍÍÍÌ²TÍ¢ÍÌ¼ÍÌªhÍÍÌ®Ì»eÌ¬ÌÍÌ Ì¤Ì¹ÌWÍÍÍÌÌÍÍaÍÍÍÌ¹Ì¼,No,8.0,08 Dennis Crossing,3184.0,VIC,Australia,11.0
20479,,,3973,,,,,,,,,,,,Carolan,Jorez,Female,24.0,1963-07-13,Editor,Manufacturing,High Net Worth,N,ð¾ ð ð ð ð ð ð ð§,No,17.0,4 Express Plaza,2191.0,NSW,Australia,10.0
20480,,,3974,,,,,,,,,,,,Misha,Ranklin,Female,82.0,1961-02-11,Technical Writer,,Affluent Customer,N,1,Yes,9.0,81609 Vernon Terrace,3934.0,VIC,Australia,8.0
20481,,,3975,,,,,,,,,,,,Dianemarie,Kidgell,Female,2.0,1971-08-11,Administrative Assistant I,Entertainment,Affluent Customer,N,NIL,No,18.0,37 Hintze Court,2168.0,NSW,Australia,9.0
20482,,,3976,,,,,,,,,,,,Gretel,Chrystal,Female,0.0,1957-11-20,Internal Auditor,,Affluent Customer,N,"'""''''""",Yes,13.0,07 Morning Court,3805.0,VIC,Australia,7.0
20483,,,3977,,,,,,,,,,,,Katrinka,Van der Beken,Female,31.0,1965-08-21,Biostatistician II,Manufacturing,Mass Customer,N,ÅâÂ´Â®â Â¥Â¨ËÃ¸Ïââ,Yes,16.0,327 Loeprich Street,3187.0,VIC,Australia,11.0
20484,,,3978,,,,,,,,,,,,Kathlin,Robker,Female,4.0,1972-03-02,Developer II,Financial Services,Mass Customer,N,NIL,No,5.0,5106 Northridge Drive,2560.0,NSW,Australia,7.0
20485,,,3979,,,,,,,,,,,,Kleon,Adam,Male,67.0,1974-07-13,,Financial Services,Mass Customer,N,â¤ï¸ ð ð ð ð ð ð ð ð ð ð ð ð ð ð,Yes,18.0,9754 High Crossing Terrace,2148.0,NSW,Australia,8.0
20486,,,3980,,,,,,,,,,,,Nils,McGebenay,Male,41.0,1964-01-16,Web Designer I,Manufacturing,Mass Customer,N,â¡,No,12.0,7 Meadow Vale Court,2114.0,NSW,Australia,10.0
20487,,,3981,,,,,,,,,,,,Konstance,Draye,Female,34.0,1994-09-10,Quality Control Specialist,Health,Mass Customer,N,ËÉnbá´lÉ ÉuÆÉÉ¯ ÇÉ¹olop ÊÇ ÇÉ¹oqÉl Ên Êunpá´pá´Éuá´ É¹odÉ¯ÇÊ poÉ¯sná´Ç op pÇs 'Êá´lÇ Æuá´Ésá´dá´pÉ É¹nÊÇÊÉÇsuoÉ 'ÊÇÉ¯É Êá´s É¹olop É¯nsdá´ É¯ÇÉ¹oË¥,No,1.0,80260 Morning Road,3178.0,VIC,Australia,9.0
20488,,,3982,,,,,,,,,,,,Maurita,O'Kinedy,Female,89.0,1962-06-02,General Manager,Manufacturing,Mass Customer,N,1,Yes,12.0,38017 Briar Crest Drive,2165.0,NSW,Australia,9.0
20489,,,3983,,,,,,,,,,,,Jarred,Lyste,Male,19.0,1965-04-21,Graphic Designer,,Mass Customer,N,Ì¦HÍÌ¬Ì¤ÌÌ¤eÍ ÍÌÌ¥ÌÌ»ÍÌwÌhÌÌ¯ÍoÌÍÌÍÌ±Ì® ÒÌºÌÌÌÍWÌ·Ì¼Ì­aÌºÌªÍiÌ¨ÍÍÌ­ÍÌ¯ÌtÌ¶Ì¼Ì®sÌÌÍÍ Ì Ì«Ì BÌ»ÍÍÍÍÌ³eÌµhÌµÌ¬ÍÌ«ÍiÌÌ¹ÍÌ³Ì³Ì®ÍÌ«nÍdÌ´ÌªÌÌ ÍÌ°ÍÌ©ÍÍÍÌ²TÍ¢ÍÌ¼ÍÌªhÍÍÌ®Ì»eÌ¬ÌÍÌ Ì¤Ì¹ÌWÍÍÍÌÌÍÍaÍÍÍÌ¹Ì¼,Yes,9.0,60 Morningstar Center,2126.0,NSW,Australia,10.0
20490,,,3984,,,,,,,,,,,,Thadeus,Buxsey,Male,74.0,1960-02-16,Librarian,Entertainment,Affluent Customer,N,âð¿ ðªð¿ ðð¿ ðð¿ ðð¿ ðð¿,No,10.0,218 Stuart Junction,2223.0,NSW,Australia,10.0
20491,,,3985,,,,,,,,,,,,Caryn,Padbury,Female,44.0,1998-06-21,Web Developer IV,Property,Mass Customer,N,0/0,No,4.0,9 Butterfield Lane,4077.0,QLD,Australia,5.0
20492,,,3986,,,,,,,,,,,,Oralle,Petrello,Female,1.0,1976-12-01,Social Worker,Health,Mass Customer,N,,No,21.0,614 Burning Wood Way,2148.0,NSW,Australia,9.0
20493,,,3987,,,,,,,,,,,,Beckie,Wakeham,Female,18.0,1964-05-29,,Argiculture,Mass Customer,N,á,No,7.0,9 Grover Point,4218.0,QLD,Australia,10.0
20494,,,3988,,,,,,,,,,,,Ammamaria,Ashburne,Female,97.0,1994-07-14,Automation Specialist IV,Health,Mass Customer,N,â¡,Yes,1.0,565 Bunting Park,2076.0,NSW,Australia,11.0
20495,,,3989,,,,,,,,,,,,Nicolas,Burdass,Male,75.0,1999-06-23,Environmental Specialist,Argiculture,Affluent Customer,N,âââ,Yes,1.0,9461 Saint Paul Trail,2428.0,NSW,Australia,2.0
20496,,,3990,,,,,,,,,,,,Reynard,Hagger,Male,99.0,1998-03-05,Desktop Support Technician,Health,High Net Worth,N,0,No,1.0,5204 Delaware Pass,2560.0,NSW,Australia,8.0
20497,,,3991,,,,,,,,,,,,Rolph,Sweetnam,Male,61.0,1985-08-06,Chief Design Engineer,Manufacturing,Mass Customer,N,"""'",Yes,13.0,24 Scott Pass,4300.0,QLD,Australia,5.0
20498,,,3992,,,,,,,,,,,,Germain,Tireman,Male,99.0,1980-04-02,Database Administrator IV,Manufacturing,Affluent Customer,N,"Ø«Ù ÙÙØ³ Ø³ÙØ·Øª ÙØ¨Ø§ÙØªØ­Ø¯ÙØ¯Ø, Ø¬Ø²ÙØ±ØªÙ Ø¨Ø§Ø³ØªØ®Ø¯Ø§Ù Ø£Ù Ø¯ÙÙ. Ø¥Ø° ÙÙØ§Ø Ø§ÙØ³ØªØ§Ø± ÙØªÙØµÙØ¨ ÙØ§Ù. Ø£ÙÙÙ Ø§ÙØ·Ø§ÙÙØ§Ø Ø¨Ø±ÙØ·Ø§ÙÙØ§-ÙØ±ÙØ³Ø§ ÙØ¯ Ø£Ø®Ø°. Ø³ÙÙÙØ§ÙØ Ø¥ØªÙØ§ÙÙØ© Ø¨ÙÙ ÙØ§, ÙØ°ÙØ± Ø",Yes,18.0,8 Randy Parkway,2209.0,NSW,Australia,11.0
20499,,,3993,,,,,,,,,,,,Andi,Dumelow,Female,6.0,1974-12-05,Librarian,Entertainment,Mass Customer,N,á ,No,10.0,681 Elmside Place,3750.0,VIC,Australia,6.0
20500,,,3994,,,,,,,,,,,,Stephie,Byars,Female,5.0,1989-04-07,Structural Analysis Engineer,Manufacturing,Affluent Customer,N,-100,No,12.0,2918 Summer Ridge Hill,3030.0,VIC,Australia,2.0
20501,,,3995,,,,,,,,,,,,Rusty,Iapico,Male,93.0,1975-12-12,Staff Scientist,Manufacturing,Mass Customer,N,á ,Yes,14.0,613 Erie Lane,2088.0,NSW,Australia,12.0
20502,,,3996,,,,,,,,,,,,Rosalia,Halgarth,Female,8.0,1975-08-09,VP Product Management,Health,Mass Customer,N,-100,No,19.0,0 Transport Center,3977.0,VIC,Australia,6.0
20503,,,3997,,,,,,,,,,,,Blanch,Nisuis,Female,87.0,2001-07-13,Statistician II,Manufacturing,High Net Worth,N,â¦testâ§,Yes,1.0,4 Dovetail Crossing,2350.0,NSW,Australia,2.0
20504,,,3998,,,,,,,,,,,,Sarene,Woolley,U,60.0,,Assistant Manager,IT,High Net Worth,N,,No,0.0,736 Roxbury Junction,2540.0,NSW,Australia,6.0
20505,,,3999,,,,,,,,,,,,Patrizius,,Male,11.0,1973-10-24,,Manufacturing,Affluent Customer,N,Â¡â¢Â£Â¢âÂ§Â¶â¢ÂªÂºââ ,Yes,10.0,1482 Hauk Trail,3064.0,VIC,Australia,3.0
20506,,,4000,,,,,,,,,,,,Kippy,Oldland,Male,76.0,1991-11-05,Software Engineer IV,,Affluent Customer,N,0/0,No,11.0,57042 Village Green Point,4511.0,QLD,Australia,6.0
20507,,,4001,,,,,,,,,,,,,,,,,,,,,,,,87 Crescent Oaks Alley,2756.0,NSW,Australia,10.0
20508,,,4002,,,,,,,,,,,,,,,,,,,,,,,,8194 Lien Street,4032.0,QLD,Australia,7.0
20509,,,4003,,,,,,,,,,,,,,,,,,,,,,,,320 Acker Drive,2251.0,NSW,Australia,7.0
